record_id,a_party,b_party,start_time,duration_sec,direction,call_type,imei,imsi,lac,cell_id,tower_lat,tower_lon,row_sha256,batch_id,source_filename
CDR00001,+919104332181,+918701436349,2026-08-10T22:44:00,91,MT,voice,001338908386376,404204026542351,3419,40968,30.65234,76.72072,df421108b96b37cfca9bb97c059b33879f155ce5e4511d7be1d93473af44ba7f,832279ccb407938aa069e20008b4e250,cdr.csv
CDR00002,+916784801845,+918738721489,2026-08-10T11:35:00,392,MT,voice,287101226916693,404203010310518,6928,21551,30.69241,76.7027,df4ecfb3deb7eaa972fa948a90c3b2d1fcd7533271294a30e5cf60c61a1c9924,832279ccb407938aa069e20008b4e250,cdr.csv
CDR00003,+916784801845,+917734670656,2026-08-10T16:07:00,44,MO,voice,287101226916693,404203010310518,1897,11007,30.66453,76.80344,0db59fb9a1a694ac8a00eeb2a1ce3b00b583890633baa2ba0206913797a00a00,832279ccb407938aa069e20008b4e250,cdr.csv
CDR00004,+916784801845,+917175946474,2026-08-10T09:07:00,275,MO,voice,287101226916693,404203010310518,1897,11007,30.66453,76.80344,0f591d0cf23ee260fb13abd855c18af1a743f62c2ec85d122f2a043bc948a0e7,832279ccb407938aa069e20008b4e250,cdr.csv
CDR00005,+916462704828,+916081219136,2026-08-10T16:27:00,20,MT,voice,287101226916693,404454738299737,6053,15952,30.66646,76.80813,55c1b66e6b9f96a11181b10170f17cd1f99304196748fe616a9cc13d39e8888a,832279ccb407938aa069e20008b4e250,cdr.csv
CDR00006,+916462704828,+917053315869,2026-08-10T09:33:00,204,MO,voice,287101226916693,404454738299737,1897,11007,30.66453,76.80344,c09af5d24b4733fdc2db5368bf99f7e9b42a12247ba8498bf56abc19e733d8af,832279ccb407938aa069e20008b4e250,cdr.csv
CDR00007,+916489325288,+919044997278,2026-08-10T22:02:00,345,MT,voice,287101226916693,404863116566701,4770,75570,30.70705,76.77017,d67ab5e28eb65f525300e8f12684e5e43942cd13cc69222a019f93edde2df038,832279ccb407938aa069e20008b4e250,cdr.csv
CDR00008,+917957015430,+919648877190,2026-08-10T09:22:00,143,MO,voice,287101226916693,404106513338726,4770,75570,30.70705,76.77017,34bfd8a6412d4f439d5a6ad613a3548e369df37469c918a9a3093f80e1c821ff,832279ccb407938aa069e20008b4e250,cdr.csv
CDR00009,+917911718227,+916784801845,2026-08-10T18:34:00,193,MO,voice,287101226916693,404454731781080,6053,15952,30.66646,76.80813,d68e5b077fd1cb9ee72e82e893cc0a7ff4c1d023ba80372a30c47a1ce8595b66,832279ccb407938aa069e20008b4e250,cdr.csv
CDR00010,+917911718227,+918671369594,2026-08-10T12:51:00,89,MO,voice,287101226916693,404454731781080,6053,15952,30.66646,76.80813,7ac72146c3c0ad4f5d8f74226093206340b33183765c3a0932f62a347c317f5b,832279ccb407938aa069e20008b4e250,cdr.csv
CDR00011,+918489638346,+918701436349,2026-08-10T13:02:00,122,MO,voice,287101226916693,404103267736026,4770,75570,30.70705,76.77017,09a3e86fcc4412489e2eb6c48fb6dd1a3beaace991d90dceaa3982cdbaab369c,832279ccb407938aa069e20008b4e250,cdr.csv
CDR00012,+917787133150,+917529042284,2026-08-10T22:16:00,38,MO,voice,287101226916693,404106474687234,4770,75570,30.70705,76.77017,8689385b231f6898e729a39962fac8ac474a5736a50743e1e5e58f6980c642e4,832279ccb407938aa069e20008b4e250,cdr.csv
CDR00013,+917787133150,+918024994717,2026-08-10T15:07:00,208,MT,voice,287101226916693,404106474687234,6053,15952,30.66646,76.80813,50da192450405d210d254d2f1a60f0fc460440ecffffadd70502357f443bc383,832279ccb407938aa069e20008b4e250,cdr.csv
CDR00014,+917787133150,+919044997278,2026-08-10T17:11:00,274,MT,voice,287101226916693,404106474687234,1897,11007,30.66453,76.80344,c23c5ae86f036cdfa0a77c7b637270aa67fca1f4d1ffe5630c9806b69f3c9e0e,832279ccb407938aa069e20008b4e250,cdr.csv
CDR00015,+917787133150,+917241904966,2026-08-10T09:46:00,237,MO,voice,287101226916693,404106474687234,4770,75570,30.70705,76.77017,72685abfcc94b4d44041903844fc4189e4e9df9474bd3665eb22a4353e5193e9,832279ccb407938aa069e20008b4e250,cdr.csv
CDR00016,+916081219136,+916936183242,2026-08-10T10:05:00,187,MT,voice,939909169985432,404493462475107,1672,68947,30.74909,76.7586,a336cd015e035caa9f67b3f1455e9bdff4ac547b135f285fbd2301468466be1c,832279ccb407938aa069e20008b4e250,cdr.csv
CDR00017,+916081219136,+917221969379,2026-08-10T12:44:00,247,MT,voice,939909169985432,404493462475107,2013,69050,30.65242,76.7979,dbed064dcff26ac1559694c20b37d7264f0754f0a2fb41080dc7c67a4555b809,832279ccb407938aa069e20008b4e250,cdr.csv
CDR00018,+916081219136,+919648877190,2026-08-10T20:17:00,347,MO,voice,939909169985432,404493462475107,6482,18639,30.67956,76.75696,e800d682af581bfc4cfdce8f83dba15888d868abb1f4d5359db2c216db98cb7e,832279ccb407938aa069e20008b4e250,cdr.csv
CDR00019,+916980841241,+917859770348,2026-08-10T12:01:00,93,MT,voice,824493534874017,404864005242786,1815,98338,30.64979,76.74317,061bb285bdd09c9ebcc48e0a3fc294259b2a4784c9cb5536849a33c11ba65808,832279ccb407938aa069e20008b4e250,cdr.csv
CDR00020,+916980841241,+917734670656,2026-08-10T18:23:00,216,MO,voice,824493534874017,404864005242786,2251,76910,30.71599,76.75367,155acc8e949c898a4f8f1f6c0d13b31d63dbb4a9c3f6c41b01823decc8defa84,832279ccb407938aa069e20008b4e250,cdr.csv
CDR00021,+916980841241,+917374740748,2026-08-10T18:23:00,247,MO,voice,824493534874017,404864005242786,3463,53694,30.64978,76.76963,179d188d5f9df4981766e9facb686b939f4240dc54c9e8409fd38c179ffcc888,832279ccb407938aa069e20008b4e250,cdr.csv
CDR00022,+916980841241,+917859770348,2026-08-10T19:20:00,352,MT,voice,824493534874017,404864005242786,9624,22249,30.71752,76.74081,038766042c355799a6cacbe8b6d7a9b5096314c96a3c0c780baf7d3f5f61a355,832279ccb407938aa069e20008b4e250,cdr.csv
CDR00023,+916569816934,+917709521456,2026-08-10T19:58:00,307,MO,voice,608835615951489,404496564823662,7421,26901,30.7114,76.80256,264951b6c8c9d3d5cbd58d43f84bb6cb28b8105eca26b4c16d39867041b36166,832279ccb407938aa069e20008b4e250,cdr.csv
CDR00024,+916569816934,+917374740748,2026-08-10T13:39:00,166,MT,voice,608835615951489,404496564823662,7421,26901,30.7114,76.80256,fd27d39d4cbf06e84641e7c9adf87c1bc8956c1f10a6868cdbcabf24ccb593fe,832279ccb407938aa069e20008b4e250,cdr.csv
CDR00025,+916569816934,+916489325288,2026-08-10T21:11:00,385,MT,voice,608835615951489,404496564823662,3578,58503,30.6774,76.72893,1a489134519df5e201032ea849bd73eb2f459c1d25dd2da8f2822639df52068e,832279ccb407938aa069e20008b4e250,cdr.csv
CDR00026,+916569816934,+916936183242,2026-08-10T18:45:00,53,MT,voice,608835615951489,404496564823662,3578,58503,30.6774,76.72893,53c776a8ca44fcb0bc906ad757d11fcdc16516ce9ee096ecdb1c3ccc9be05dec,832279ccb407938aa069e20008b4e250,cdr.csv
CDR00027,+918738721489,+917053315869,2026-08-10T18:32:00,134,MO,voice,134332003791762,404203676320163,8601,83889,30.73119,76.74387,d9d1a0043b5e9bcd2fbe54b2bc6f9f4b10dff80a80d8c875f370196af30cf13c,832279ccb407938aa069e20008b4e250,cdr.csv
CDR00028,+918738721489,+917734670656,2026-08-10T22:01:00,204,MT,voice,134332003791762,404203676320163,9624,22249,30.71752,76.74081,887402ffd08c4a95c53c73fcf43048f4d80d85f70d66a975ed687585a40efffa,832279ccb407938aa069e20008b4e250,cdr.csv
CDR00029,+918277434873,+917957015430,2026-08-10T09:19:00,223,MT,voice,714345581223625,404451665876036,2013,69050,30.65242,76.7979,56a6a01f52a8eb9adeb9525b529d10748f6364449ec7b38352b914c0bb560b15,832279ccb407938aa069e20008b4e250,cdr.csv
CDR00030,+918277434873,+917455623869,2026-08-10T09:08:00,182,MO,voice,714345581223625,404451665876036,8147,12456,30.69517,76.69934,6aa93245265e3a286cb1671c235a865fe0d74150c78aac3952980940c838580e,832279ccb407938aa069e20008b4e250,cdr.csv
CDR00031,+917734670656,+917787133150,2026-08-10T12:49:00,86,MT,voice,729806990162729,404104653755646,6129,85465,30.69151,76.73853,5f1945333e842d3f4d5f95cbdf0711ae4827bd79aa70aeff0d1a98a53c7cca18,832279ccb407938aa069e20008b4e250,cdr.csv
CDR00032,+917734670656,+918489638346,2026-08-10T11:19:00,104,MO,voice,729806990162729,404104653755646,3842,88957,30.65834,76.7811,76bc0f1f9fd70be7998dc058071ec48fe9d681540192ec25792776f36749e665,832279ccb407938aa069e20008b4e250,cdr.csv
CDR00033,+917734670656,+918277434873,2026-08-10T18:33:00,165,MO,voice,729806990162729,404104653755646,3842,88957,30.65834,76.7811,03a852edeee3f3036514a94364c5a3bcf68bb66b76bccd02c312fe5df2510b42,832279ccb407938aa069e20008b4e250,cdr.csv
CDR00034,+916271937452,+917787133150,2026-08-10T16:39:00,293,MO,voice,193149190586514,404208776945314,6731,50662,30.75612,76.77382,8746d39065f28bdf7d6e95443cc9090ba26ecccfd159c9c74a53c8b149821822,832279ccb407938aa069e20008b4e250,cdr.csv
CDR00035,+916271937452,+916081219136,2026-08-10T12:42:00,339,MT,voice,193149190586514,404208776945314,1920,56129,30.70088,76.72725,7f37ab0618bc0a451dd13daf7d677ba1883e1142c3b186f1ba6870b04091af4a,832279ccb407938aa069e20008b4e250,cdr.csv
CDR00036,+916271937452,+916784801845,2026-08-10T07:05:00,43,MT,voice,193149190586514,404208776945314,3842,88957,30.65834,76.7811,07c885e43468983640f0784dfcf028be230ad7919db1545a5950fdea80f05914,832279ccb407938aa069e20008b4e250,cdr.csv
CDR00037,+917241904966,+917341316475,2026-08-10T22:56:00,341,MT,voice,850671657262845,404863799650752,6731,50662,30.75612,76.77382,ff92cd4f9612d324bcddc3007700c6418f3eb0620b6b3aca082572babf01caba,832279ccb407938aa069e20008b4e250,cdr.csv
CDR00038,+917241904966,+918671369594,2026-08-10T14:51:00,370,MT,voice,850671657262845,404863799650752,6731,50662,30.75612,76.77382,a04e5fcfcb1ac7a65aaf2c8579fb751b4142aa182acfa57c484cf64433601e57,832279ccb407938aa069e20008b4e250,cdr.csv
CDR00039,+917241904966,+916462704828,2026-08-10T12:28:00,232,MT,voice,850671657262845,404863799650752,6731,50662,30.75612,76.77382,75f760cffbd53cb176b3cb643ffba2ddeab6838c35da5a09908ecb46bcea27eb,832279ccb407938aa069e20008b4e250,cdr.csv
CDR00040,+917241904966,+916081219136,2026-08-10T17:55:00,387,MT,voice,850671657262845,404863799650752,3842,88957,30.65834,76.7811,7feccb1d26f74c4c892dc9bde35f4daee1cde9ae00709c3238890d1d3fabc175,832279ccb407938aa069e20008b4e250,cdr.csv
CDR00041,+918701436349,+916611724005,2026-08-10T11:48:00,209,MO,voice,788568557444310,404455182337498,8601,83889,30.73119,76.74387,9b9df8de4d8c697c1ab45a9b260466ef1d4f54a52f9d6141dbea8c444a8b3e36,832279ccb407938aa069e20008b4e250,cdr.csv
CDR00042,+918701436349,+918489638346,2026-08-10T15:28:00,146,MO,voice,788568557444310,404455182337498,6928,21551,30.69241,76.7027,0e146242ba635c5fdbe7530301cfa539ec4ac57f8963ead7bff1015578f8510e,832279ccb407938aa069e20008b4e250,cdr.csv
CDR00043,+918701436349,+919044997278,2026-08-10T20:15:00,101,MT,voice,788568557444310,404455182337498,4770,75570,30.70705,76.77017,50841c582c0ac33e7207b05943fd6d770966e0a588d7687e21cb7708dcd8ddbd,832279ccb407938aa069e20008b4e250,cdr.csv
CDR00044,+918094777520,+916569816934,2026-08-10T12:31:00,283,MT,voice,711671902294137,404108699938677,6053,15952,30.66646,76.80813,d3d23cd7bf8a1e1ec3147885b9b583913cdfb94891a77c65a6ec4da287a3de87,832279ccb407938aa069e20008b4e250,cdr.csv
CDR00045,+918094777520,+917064090974,2026-08-10T07:05:00,221,MT,voice,711671902294137,404108699938677,6053,15952,30.66646,76.80813,40e557325386f122ccef70416920b7b8089ed503eea87bcee1688bc0d16fbb79,832279ccb407938aa069e20008b4e250,cdr.csv
CDR00046,+918094777520,+919648877190,2026-08-10T08:03:00,164,MT,voice,711671902294137,404108699938677,2257,94497,30.74371,76.79264,1f01bf17243fbc0c98141b05125f1fe18766485c4896593192d621a642692bfb,832279ccb407938aa069e20008b4e250,cdr.csv
CDR00047,+916936183242,+918701436349,2026-08-10T07:54:00,75,MT,voice,067974034471340,404499401399049,3419,40968,30.65234,76.72072,5bb4ada085445549c4c0df319270a60ad602cd539b2d4220678df66292a806b5,832279ccb407938aa069e20008b4e250,cdr.csv
CDR00048,+916936183242,+917859770348,2026-08-10T19:23:00,43,MT,voice,067974034471340,404499401399049,2013,69050,30.65242,76.7979,d094d7853204d907774425542b4716b8f54d918ade895b8c54a0cd8782df882a,832279ccb407938aa069e20008b4e250,cdr.csv
CDR00049,+916936183242,+916569816934,2026-08-10T18:35:00,167,MO,voice,067974034471340,404499401399049,4531,77154,30.65366,76.74159,3f7364ccdec58dda3bf8fae424900e703d33a5ba753a32b6017f36da91646bf2,832279ccb407938aa069e20008b4e250,cdr.csv
CDR00050,+916936183242,+918159212499,2026-08-10T15:52:00,339,MO,voice,067974034471340,404499401399049,3419,40968,30.65234,76.72072,860b4e253d03691eb0fba6380caa752252424ce4c2abf39c92c67856b57733a3,832279ccb407938aa069e20008b4e250,cdr.csv
CDR00051,+918024994717,+917859770348,2026-08-10T17:35:00,207,MO,voice,067974034471340,404102787429671,3093,97833,30.72434,76.80365,6d65cdb57fb4d9af5c5bff9b2470efb6cfd21a410db7c64712c3c19feb012423,832279ccb407938aa069e20008b4e250,cdr.csv
CDR00052,+918024994717,+916611724005,2026-08-10T08:02:00,39,MO,voice,067974034471340,404102787429671,5640,98895,30.72142,76.7484,237e7b8af2bd68e1a22a97521ef205282eaad054595bbefd4de70877c1cdc3dc,832279ccb407938aa069e20008b4e250,cdr.csv
CDR00053,+918024994717,+918671369594,2026-08-10T21:09:00,330,MO,voice,067974034471340,404102787429671,3093,97833,30.72434,76.80365,3371a70313323c98206cef3ce34b210d765e02b3613e7462e1e8f3715c5d6661,832279ccb407938aa069e20008b4e250,cdr.csv
CDR00054,+918024994717,+916936183242,2026-08-10T12:25:00,335,MT,voice,067974034471340,404102787429671,3093,97833,30.72434,76.80365,bfd7d69d6dcc7f5fde42657a96001c7dafc74de9a61b4cf2354246239c7ab8e3,832279ccb407938aa069e20008b4e250,cdr.csv
CDR00055,+919648877190,+917049451983,2026-08-10T16:30:00,28,MT,voice,067974034471340,404865655125674,3419,40968,30.65234,76.72072,ad945c29a06d226eeedc34df61bf88d1b227ea4e3de026961f927b166e8dae93,832279ccb407938aa069e20008b4e250,cdr.csv
CDR00056,+919648877190,+917455623869,2026-08-10T16:50:00,391,MO,voice,067974034471340,404865655125674,3419,40968,30.65234,76.72072,3f6ab19822fe3c844218974c9f79414737280a68c686fc70572d2e902331d472,832279ccb407938aa069e20008b4e250,cdr.csv
CDR00057,+919648877190,+917049451983,2026-08-10T14:46:00,46,MT,voice,067974034471340,404865655125674,4084,52143,30.7126,76.75016,8bc556ffeb31b7c4c6836a862a4cd4c1eff7fd4c3c02c27cbf81c5832cbaf162,832279ccb407938aa069e20008b4e250,cdr.csv
CDR00058,+919648877190,+919044997278,2026-08-10T11:52:00,368,MO,voice,067974034471340,404865655125674,7421,26901,30.7114,76.80256,aad7d6d2007803dd469771e5608c5a86449664bd7fec6590548474936775639f,832279ccb407938aa069e20008b4e250,cdr.csv
CDR00059,+917859770348,+916569816934,2026-08-10T07:28:00,180,MT,voice,477109324808614,404451712748467,6928,21551,30.69241,76.7027,46ffe3ff7043c45e6392753700650795f4567c51da1498a3e75843b98ae2cae4,832279ccb407938aa069e20008b4e250,cdr.csv
CDR00060,+919044997278,+918953394210,2026-08-10T22:55:00,396,MO,voice,558867533963601,404497662702895,6295,92210,30.67794,76.74277,18bcef75c83ba7bd45d570a4136f51dfc897c04afcb4be630b8edb9210825bcb,832279ccb407938aa069e20008b4e250,cdr.csv
CDR00061,+919044997278,+918738721489,2026-08-10T17:42:00,264,MT,voice,558867533963601,404497662702895,8682,67961,30.71577,76.78556,acd93e683cc870a55ac9094e3b5bf53b50d0bd6cbf9da6d8fb72781a722946b9,832279ccb407938aa069e20008b4e250,cdr.csv
CDR00062,+919044997278,+917175946474,2026-08-10T17:34:00,201,MT,voice,558867533963601,404497662702895,8682,67961,30.71577,76.78556,04438744398e6784f897ac612a980e8c8ece2d2fef3a679d99e4c57528d135b8,832279ccb407938aa069e20008b4e250,cdr.csv
CDR00063,+919044997278,+917734670656,2026-08-10T15:35:00,172,MO,voice,558867533963601,404497662702895,8682,67961,30.71577,76.78556,5ba09778ef33b68f2e3324f13c1ad41e6b4748b86497cbdd51a8834321dc1567,832279ccb407938aa069e20008b4e250,cdr.csv
CDR00064,+916611724005,+918738721489,2026-08-10T22:20:00,265,MT,voice,158657809134318,404452858842474,2391,16895,30.65867,76.78053,7799e34db7be8b05b1a44f53a002a1f693f2c4e8d11fc11fc9f5161872b4b702,832279ccb407938aa069e20008b4e250,cdr.csv
CDR00065,+916611724005,+917241904966,2026-08-10T16:07:00,313,MT,voice,158657809134318,404452858842474,9691,38197,30.68514,76.74444,e55712250584f52a21b1d2daef05bacab9c3ff19c37fb476bbf55ae0d2a3ad2b,832279ccb407938aa069e20008b4e250,cdr.csv
CDR00066,+916611724005,+919648877190,2026-08-10T11:18:00,41,MT,voice,158657809134318,404452858842474,8682,67961,30.71577,76.78556,c77d51953c48365fca2d93f596264649c8fe797093da2e337315552dc5f64629,832279ccb407938aa069e20008b4e250,cdr.csv
CDR00067,+917455623869,+917374740748,2026-08-10T15:47:00,265,MO,voice,158657809134318,404491712368516,8601,83889,30.73119,76.74387,0e08a06976811bb93878dc5259659e445b4276ec437c1c2852ce26de6a8ff2ef,832279ccb407938aa069e20008b4e250,cdr.csv
CDR00068,+917455623869,+917241904966,2026-08-10T15:08:00,75,MO,voice,158657809134318,404491712368516,2391,16895,30.65867,76.78053,470ecfcb5d5f25296499238602dd24bba91b033386a99d1c2cd54acf52bb95f8,832279ccb407938aa069e20008b4e250,cdr.csv
CDR00069,+917455623869,+917709521456,2026-08-10T14:40:00,139,MO,voice,158657809134318,404491712368516,2251,76910,30.71599,76.75367,adcba6dd4e3a5f2b4e6713896424cd7cffe1a9203ac47b3f96de67d1daf6fcb1,832279ccb407938aa069e20008b4e250,cdr.csv
CDR00070,+917221969379,+917911718227,2026-08-10T11:00:00,301,MO,voice,158657809134318,404104817549651,9691,38197,30.68514,76.74444,97080b949e719b3040819a63ee81339c911bdd50c0294430cfd454f92ff3e2b5,832279ccb407938aa069e20008b4e250,cdr.csv
CDR00071,+917221969379,+918671369594,2026-08-10T13:48:00,167,MT,voice,158657809134318,404104817549651,8682,67961,30.71577,76.78556,2336b41c01f457bc280c5b4d2975b04718a05ed7abf1af506c0d95ab00b2ee0e,832279ccb407938aa069e20008b4e250,cdr.csv
CDR00072,+917221969379,+917957015430,2026-08-10T14:34:00,398,MO,voice,158657809134318,404104817549651,8682,67961,30.71577,76.78556,2cdd57903f2631f54a45cc6dd4201b8bc4cd050edb2c7e5c9e7358c90e2fd47f,832279ccb407938aa069e20008b4e250,cdr.csv
CDR00073,+917221969379,+917455623869,2026-08-10T12:59:00,38,MT,voice,158657809134318,404104817549651,8682,67961,30.71577,76.78556,ffb0c8e9510252a70baa9a6ef324033d0bea9470f1b60e2e0e3001990966295a,832279ccb407938aa069e20008b4e250,cdr.csv
CDR00074,+917374740748,+916784801845,2026-08-10T07:19:00,310,MO,voice,158657809134318,404457098593174,8682,67961,30.71577,76.78556,dc9d08ae0e25812f62d10f24cda3532e80bd48b4555e0443c936b97534190aab,832279ccb407938aa069e20008b4e250,cdr.csv
CDR00075,+917374740748,+918701436349,2026-08-10T21:41:00,298,MT,voice,158657809134318,404457098593174,8682,67961,30.71577,76.78556,8aaf000fc5ede2d26fbfe0788799d9e995e42715ffae83c9ba947ee76a7c7554,832279ccb407938aa069e20008b4e250,cdr.csv
CDR00076,+917374740748,+918953394210,2026-08-10T21:17:00,118,MO,voice,158657809134318,404457098593174,2391,16895,30.65867,76.78053,78f72e9fbbe70522545041314df91fa880172fa546b123e7e12d80521598f83b,832279ccb407938aa069e20008b4e250,cdr.csv
CDR00077,+917175946474,+916271937452,2026-08-10T12:00:00,397,MT,voice,158657809134318,404861200471138,8601,83889,30.73119,76.74387,4fce5a1b092a67c03739914ec81d153a5c3b91fc45c08d9413e350e95c061030,832279ccb407938aa069e20008b4e250,cdr.csv
CDR00078,+917175946474,+916569816934,2026-08-10T12:39:00,347,MT,voice,158657809134318,404861200471138,8601,83889,30.73119,76.74387,2b8c5b119bb8ad8ba9992cdea0f3b2482f3ead3a96ebe87e580c3ca35730c94a,832279ccb407938aa069e20008b4e250,cdr.csv
CDR00079,+917175946474,+916936183242,2026-08-10T09:25:00,362,MO,voice,158657809134318,404861200471138,8682,67961,30.71577,76.78556,a55e02360b79afe7389e8ca2dc237f617cddc00915653d5d51a24e5d47284c80,832279ccb407938aa069e20008b4e250,cdr.csv
CDR00080,+917175946474,+918671369594,2026-08-10T17:59:00,147,MO,voice,158657809134318,404861200471138,8682,67961,30.71577,76.78556,c20ecf6bee709cd9c30d6d5ff7b0c16b5dbdcdce1d0b6917deae420ae9e5e25c,832279ccb407938aa069e20008b4e250,cdr.csv
CDR00081,+918671369594,+917241904966,2026-08-10T17:19:00,318,MO,voice,158657809134318,404456758692617,8682,67961,30.71577,76.78556,665812874f4550a3e3eeab35cc0a63a6590252e6097a07b874d1b55e3cd87f21,832279ccb407938aa069e20008b4e250,cdr.csv
CDR00082,+918671369594,+917734670656,2026-08-10T08:42:00,80,MT,voice,158657809134318,404456758692617,9691,38197,30.68514,76.74444,4cf2061747e722612b51fff9677dd03f9f5cf9f038024b6e1d0e6abff51890e6,832279ccb407938aa069e20008b4e250,cdr.csv
CDR00083,+918671369594,+918953394210,2026-08-10T16:44:00,80,MT,voice,158657809134318,404456758692617,8682,67961,30.71577,76.78556,e735ffe98741c318d98cb265120c6d1238c171c314a02a9041070a791d34fe17,832279ccb407938aa069e20008b4e250,cdr.csv
CDR00084,+918671369594,+918277434873,2026-08-10T11:30:00,98,MT,voice,158657809134318,404456758692617,8601,83889,30.73119,76.74387,bf07c44ff100aaf1283d91b724de8a53db88e8db936d61926398733bc569cdfd,832279ccb407938aa069e20008b4e250,cdr.csv
CDR00085,+917064090974,+917455623869,2026-08-10T22:48:00,295,MO,voice,158657809134318,404206405377351,2391,16895,30.65867,76.78053,2f3def660a1580d61c853bb84ed0049347ad05067d07a4b8052a7a1a53028abe,832279ccb407938aa069e20008b4e250,cdr.csv
CDR00086,+917064090974,+917957015430,2026-08-10T21:33:00,380,MT,voice,158657809134318,404206405377351,6626,21053,30.70055,76.71071,01f70cf21fd6767b9d0698c8ef2cbec24e574dd17ac4c5fe114e3b473d6a399b,832279ccb407938aa069e20008b4e250,cdr.csv
CDR00087,+917064090974,+918489638346,2026-08-10T08:53:00,300,MO,voice,158657809134318,404206405377351,8682,67961,30.71577,76.78556,164d51d7dfe54cf8c8e8caef596b37ca32f991f24de42b24c355d2bcfa6f1c33,832279ccb407938aa069e20008b4e250,cdr.csv
CDR00088,+918953394210,+916936183242,2026-08-10T21:07:00,368,MO,voice,158657809134318,404498506431713,9691,38197,30.68514,76.74444,8c3cfb723650393c3e078b77053e51c5c3ab41d308137c8f0975e66ec8ace01a,832279ccb407938aa069e20008b4e250,cdr.csv
CDR00089,+918953394210,+917957015430,2026-08-10T21:51:00,48,MT,voice,158657809134318,404498506431713,9691,38197,30.68514,76.74444,0000b1837216a61c0db39f2cbcb6c6815d1790eda426c2c0998ed6266d5b503d,832279ccb407938aa069e20008b4e250,cdr.csv
CDR00090,+917709521456,+917049451983,2026-08-10T08:35:00,256,MT,voice,158657809134318,404200053293183,9691,38197,30.68514,76.74444,3c06d4ded111c52f9f9d12d782200315761b80ab186cc39b02be83baaa857a6c,832279ccb407938aa069e20008b4e250,cdr.csv
CDR00091,+917709521456,+916271937452,2026-08-10T07:47:00,131,MO,voice,158657809134318,404200053293183,4176,55793,30.68213,76.80499,1aa3f8eeca9a1aaf8c1d047d9ede1a4fd122f981ed3e5e7f93d1d393e524a829,832279ccb407938aa069e20008b4e250,cdr.csv
CDR00092,+917709521456,+916489325288,2026-08-10T08:59:00,55,MT,voice,158657809134318,404200053293183,8601,83889,30.73119,76.74387,0994e44930e308198c1402e2618b841dd1c4d740a5def5d205e8cac716e09676,832279ccb407938aa069e20008b4e250,cdr.csv
CDR00093,+917709521456,+917053315869,2026-08-10T11:49:00,348,MT,voice,158657809134318,404200053293183,9691,38197,30.68514,76.74444,69b9d27a7015513fd9486bbf46760fee95eda63d579827e2b20915454d7dbc06,832279ccb407938aa069e20008b4e250,cdr.csv
CDR00094,+917529042284,+919044997278,2026-08-10T19:05:00,369,MO,voice,102053950240266,404201177589178,2234,33218,30.75416,76.76535,f7ac54337f83153a51296a66c465d62005a3d05b832ffc97806d044fd14901f5,832279ccb407938aa069e20008b4e250,cdr.csv
CDR00095,+917529042284,+918489638346,2026-08-10T12:34:00,221,MO,voice,102053950240266,404201177589178,2234,33218,30.75416,76.76535,5ec2dd67fe95fdae4169447b97107946b0f13092e8615e258f9949af861f010e,832279ccb407938aa069e20008b4e250,cdr.csv
CDR00096,+917529042284,+919104332181,2026-08-10T07:19:00,257,MT,voice,102053950240266,404201177589178,7947,73656,30.71285,76.7397,c12fd37269312b2d6779493ad7ce8a38d65db21edd3e3d3e275350cf77074fde,832279ccb407938aa069e20008b4e250,cdr.csv
CDR00097,+917529042284,+918277434873,2026-08-10T14:29:00,197,MO,voice,102053950240266,404201177589178,3842,88957,30.65834,76.7811,8d8a5eded6bf83a942459eb47e7231b3eb871cdf0e911027a7e9d98046d460e9,832279ccb407938aa069e20008b4e250,cdr.csv
CDR00098,+918159212499,+916784801845,2026-08-10T20:39:00,28,MO,voice,698478961183676,404456576615654,3419,40968,30.65234,76.72072,0196d0538d40df45b375f1adcce956fb6dbfd94e460b052d5a84a6c85d0fba4c,832279ccb407938aa069e20008b4e250,cdr.csv
CDR00099,+917049451983,+917374740748,2026-08-10T08:15:00,399,MO,voice,731585149368996,404200940244550,4531,77154,30.65366,76.74159,acf8a9aadeb29dcf20d33c9af389e8fa23cab49739f49daf519b88fc3386d077,832279ccb407938aa069e20008b4e250,cdr.csv
CDR00100,+919104332181,+917175946474,2026-08-11T22:35:00,281,MO,voice,001338908386376,404204026542351,3419,40968,30.65234,76.72072,e937a1c95e84eff10c4bd2343a710a95f1b9e5645a6ea552975d75d15a4c0ca1,832279ccb407938aa069e20008b4e250,cdr.csv
CDR00101,+919104332181,+917529042284,2026-08-11T18:34:00,41,MT,voice,001338908386376,404204026542351,3842,88957,30.65834,76.7811,d9d60ed5409a1eeaef3ddfde00549114b9ccce9ba5f955a236f33528b3da1def,832279ccb407938aa069e20008b4e250,cdr.csv
CDR00102,+917341316475,+917734670656,2026-08-11T16:55:00,36,MT,voice,553419283276486,404455030564139,9149,66446,30.66108,76.73562,2b45c1d73901b48e7c5c89f7eeddfcdf3cfa98b329096433f568afcc7b0d57ee,832279ccb407938aa069e20008b4e250,cdr.csv
CDR00103,+916784801845,+918489638346,2026-08-11T14:13:00,397,MT,voice,287101226916693,404203010310518,1897,11007,30.66453,76.80344,747a7cfea5c97a0f187b2a9d185013f3985871a5406a53a7bdfa29f5367d0d56,832279ccb407938aa069e20008b4e250,cdr.csv
CDR00104,+916784801845,+917221969379,2026-08-11T12:39:00,91,MO,voice,287101226916693,404203010310518,4770,75570,30.70705,76.77017,7e1d263c69dd5689996b9aaf4b3700ae1ac9ea2d6f738f95a26e2bf9107078cd,832279ccb407938aa069e20008b4e250,cdr.csv
CDR00105,+916784801845,+917049451983,2026-08-11T18:34:00,163,MO,voice,287101226916693,404203010310518,4770,75570,30.70705,76.77017,de89c138f56f3bf3f820642bf0995a2fe7270ba31d4d22ee4999caa11dc03f3f,832279ccb407938aa069e20008b4e250,cdr.csv
CDR00106,+916784801845,+918701436349,2026-08-11T15:54:00,283,MO,voice,287101226916693,404203010310518,6053,15952,30.66646,76.80813,8a0df0417330e8b048355f9567d28fc1b28d2b59884aa8f250be7594823af546,832279ccb407938aa069e20008b4e250,cdr.csv
CDR00107,+916462704828,+917241904966,2026-08-11T11:44:00,87,MO,voice,287101226916693,404454738299737,4770,75570,30.70705,76.77017,1f4a0b10af0ae59dd9d9a7e78bf3515cfa2254399d4ef863d0d67425326481d9,832279ccb407938aa069e20008b4e250,cdr.csv
CDR00108,+916489325288,+916611724005,2026-08-11T22:09:00,315,MT,voice,287101226916693,404863116566701,6053,15952,30.66646,76.80813,c0ab0534f16411fc13cff74936e80d5fa2b99426f5e37cd672c6ead14c7e1085,832279ccb407938aa069e20008b4e250,cdr.csv
CDR00109,+916489325288,+917374740748,2026-08-11T09:40:00,67,MT,voice,287101226916693,404863116566701,4770,75570,30.70705,76.77017,538d5792c2d005606b26d225184eb1eef0281a1732eaa331368154294608db0b,832279ccb407938aa069e20008b4e250,cdr.csv
CDR00110,+917957015430,+917175946474,2026-08-11T22:20:00,317,MO,voice,287101226916693,404106513338726,4770,75570,30.70705,76.77017,b17dc28dd67d9b7a327d7b823006a0dcf5bcdd4621b778c6a3b8ffa0689a3f1b,832279ccb407938aa069e20008b4e250,cdr.csv
CDR00111,+917957015430,+917175946474,2026-08-11T18:54:00,52,MT,voice,287101226916693,404106513338726,6053,15952,30.66646,76.80813,924642515856134732340d40dedd7ba9a2ba2d1407d13d44347e6b832c61da56,832279ccb407938aa069e20008b4e250,cdr.csv
CDR00112,+917957015430,+918738721489,2026-08-11T22:17:00,185,MT,voice,287101226916693,404106513338726,1897,11007,30.66453,76.80344,3f913ffe77617fefd3d6fd9738efa4c4e077ebdfc3f7268fa69135b46df3bf9a,832279ccb407938aa069e20008b4e250,cdr.csv
CDR00113,+917911718227,+917049451983,2026-08-11T22:50:00,195,MO,voice,287101226916693,404454731781080,6482,18639,30.67956,76.75696,a6061b8f71f2a174bf9509e2bfa3c90995df9823360ed8e40796611b096443b0,832279ccb407938aa069e20008b4e250,cdr.csv
CDR00114,+917911718227,+917175946474,2026-08-11T07:07:00,100,MT,voice,287101226916693,404454731781080,6053,15952,30.66646,76.80813,7bcf111cfaaaf8697f6bc12285e1a4d1a7bafb58945e2657a5250057e13f9073,832279ccb407938aa069e20008b4e250,cdr.csv
CDR00115,+918489638346,+917787133150,2026-08-11T16:10:00,160,MO,voice,287101226916693,404103267736026,4770,75570,30.70705,76.77017,e5999525963804b47a255d928aba390353de834eb8425e702fe3b20f3bf9a553,832279ccb407938aa069e20008b4e250,cdr.csv
CDR00116,+918489638346,+917957015430,2026-08-11T18:42:00,352,MO,voice,287101226916693,404103267736026,6482,18639,30.67956,76.75696,ec27ddf6229c2766be5734f0fcfe67204b6f649ba3d700194b2b7a8e0297d0f2,832279ccb407938aa069e20008b4e250,cdr.csv
CDR00117,+917787133150,+918277434873,2026-08-11T20:41:00,66,MO,voice,287101226916693,404106474687234,8404,14929,30.64683,76.7898,72d1e339f4ed5b41c96fc69508cba40a08b25d4bc538580490f46563af339772,832279ccb407938aa069e20008b4e250,cdr.csv
CDR00118,+917787133150,+916489325288,2026-08-11T11:37:00,135,MT,voice,287101226916693,404106474687234,7421,26901,30.7114,76.80256,b6b0684962ae6574e327e3cc703a7b2f320dc57350bebce8833ef7910c204dbc,832279ccb407938aa069e20008b4e250,cdr.csv
CDR00119,+917787133150,+918024994717,2026-08-11T10:55:00,236,MO,voice,287101226916693,404106474687234,4770,75570,30.70705,76.77017,cb4d3dd8a9b5a22e180d86ffda05876810377642486e3e5a34f58086e6de14c3,832279ccb407938aa069e20008b4e250,cdr.csv
CDR00120,+916081219136,+917957015430,2026-08-11T10:06:00,180,MT,voice,939909169985432,404493462475107,1815,98338,30.64979,76.74317,cdc2c1bcc45c2428be98eb23670bec6aac2b66431e2e0a14935fa779f92fb942,832279ccb407938aa069e20008b4e250,cdr.csv
CDR00121,+916081219136,+919044997278,2026-08-11T11:41:00,366,MO,voice,939909169985432,404493462475107,6626,21053,30.70055,76.71071,accfff77e59b916d0a8b0cfa448298fe3b442ad35e7c80c7251df2ab16525a06,832279ccb407938aa069e20008b4e250,cdr.csv
CDR00122,+916081219136,+919104332181,2026-08-11T12:28:00,199,MO,voice,939909169985432,404493462475107,1815,98338,30.64979,76.74317,431c9d6f603b87299a47793b6a1fcea164e91e2e7be84cd1c4f8060e2bbf3039,832279ccb407938aa069e20008b4e250,cdr.csv
CDR00123,+916081219136,+917455623869,2026-08-11T21:55:00,131,MO,voice,939909169985432,404493462475107,1815,98338,30.64979,76.74317,9cca00b79be6c3b6b86af16072737dc3e177707d2a34545f74222a36ab68f94e,832279ccb407938aa069e20008b4e250,cdr.csv
CDR00124,+916980841241,+919044997278,2026-08-11T18:27:00,181,MO,voice,824493534874017,404864005242786,2251,76910,30.71599,76.75367,de97496ad17296f5219d9675ca7741a2549b8cc686e0b8889e073dff32053f58,832279ccb407938aa069e20008b4e250,cdr.csv
CDR00125,+917053315869,+917734670656,2026-08-11T16:49:00,373,MO,voice,322602563421605,404863375433036,9149,66446,30.66108,76.73562,a13fc728da959c82f9fe2deb15ef44672fc8df16952c2726ab2027375ebf77a7,832279ccb407938aa069e20008b4e250,cdr.csv
CDR00126,+916569816934,+918738721489,2026-08-11T13:47:00,220,MT,voice,608835615951489,404496564823662,3578,58503,30.6774,76.72893,2a2c1d7df4963554f293ba462dc34302c2490221e6d98a5280acb684d66e4048,832279ccb407938aa069e20008b4e250,cdr.csv
CDR00127,+916569816934,+917734670656,2026-08-11T22:24:00,77,MO,voice,608835615951489,404496564823662,9624,22249,30.71752,76.74081,9cf074eaf66b371a13f75494a79cf78f511cb5928598279c3607a2fd4b3372e3,832279ccb407938aa069e20008b4e250,cdr.csv
CDR00128,+916569816934,+916489325288,2026-08-11T07:23:00,182,MO,voice,608835615951489,404496564823662,3578,58503,30.6774,76.72893,ab3ad9dbf0fff46591a400057bb8c3ef422525a1c92d845762d091a5628f72ff,832279ccb407938aa069e20008b4e250,cdr.csv
CDR00129,+918738721489,+917859770348,2026-08-11T12:48:00,261,MO,voice,134332003791762,404203676320163,1815,98338,30.64979,76.74317,92907ba00307931e8e717bc71dbd110ec4bdc1b1b3d7e99ab952fbab371c814f,832279ccb407938aa069e20008b4e250,cdr.csv
CDR00130,+918738721489,+919104332181,2026-08-11T15:13:00,40,MO,voice,134332003791762,404203676320163,7421,26901,30.7114,76.80256,169ba7eda7cb5e85b3429391dfaa1a25682e603f6668adf44c8b3a478b719821,832279ccb407938aa069e20008b4e250,cdr.csv
CDR00131,+918738721489,+918953394210,2026-08-11T16:40:00,384,MT,voice,134332003791762,404203676320163,7421,26901,30.7114,76.80256,7aecee3fe1790c4eb8bd57419dfd1c5cb208913ae2569441b4e2b72c1b30c182,832279ccb407938aa069e20008b4e250,cdr.csv
CDR00132,+918738721489,+917957015430,2026-08-11T11:17:00,62,MT,voice,134332003791762,404203676320163,6802,19447,30.68765,76.77904,1ebf788dde5f28b2ae46de5194f6a96341722dba5345a099144ffe7228d768e5,832279ccb407938aa069e20008b4e250,cdr.csv
CDR00133,+918277434873,+917529042284,2026-08-11T17:25:00,320,MO,voice,714345581223625,404451665876036,6928,21551,30.69241,76.7027,855f8e83fabd7ee66bc7191f82cb70599d268cacb8f2a53134abcbed32316e17,832279ccb407938aa069e20008b4e250,cdr.csv
CDR00134,+918277434873,+917734670656,2026-08-11T08:15:00,64,MT,voice,714345581223625,404451665876036,7697,54350,30.72147,76.69628,ed5a4c97225372665540e2d79dfe03b4a73ff8a81a4256c6a62d957a568cba2f,832279ccb407938aa069e20008b4e250,cdr.csv
CDR00135,+917734670656,+918094777520,2026-08-11T12:07:00,26,MO,voice,729806990162729,404104653755646,6129,85465,30.69151,76.73853,eaaa813efab15db9f609e66dce90cc1dcf150e98eca5aeb8c35502618290fd82,832279ccb407938aa069e20008b4e250,cdr.csv
CDR00136,+916271937452,+919648877190,2026-08-11T15:10:00,210,MO,voice,193149190586514,404208776945314,3842,88957,30.65834,76.7811,637cbf5e0277fff6365ab064532e93e864a8319b267a71d6fbf5c96bca8ec69f,832279ccb407938aa069e20008b4e250,cdr.csv
CDR00137,+916271937452,+917241904966,2026-08-11T10:49:00,35,MT,voice,193149190586514,404208776945314,6731,50662,30.75612,76.77382,0648eed18e9fd2d2e9294e81e1acd1309cb8d6b1e9e451b15db6cc4903d38b83,832279ccb407938aa069e20008b4e250,cdr.csv
CDR00138,+916271937452,+917709521456,2026-08-11T09:16:00,384,MO,voice,193149190586514,404208776945314,1920,56129,30.70088,76.72725,f3a1966499431ba8f0f5dcbc195d6b6c42c5ecfcbe3cb98d9d9e3d779eb1fc33,832279ccb407938aa069e20008b4e250,cdr.csv
CDR00139,+916271937452,+917859770348,2026-08-11T08:31:00,310,MO,voice,193149190586514,404208776945314,6731,50662,30.75612,76.77382,2f950ff7ed87964db9254b982ca2ce7311960843ee9a5d00dae38f28f015a954,832279ccb407938aa069e20008b4e250,cdr.csv
CDR00140,+917241904966,+917049451983,2026-08-11T10:14:00,399,MO,voice,850671657262845,404863799650752,3324,92991,30.75662,76.70101,85600de3773e6bbab12186cc6027ebb61d7219b0e23cdeaf294e77cb24b64e29,832279ccb407938aa069e20008b4e250,cdr.csv
CDR00141,+918701436349,+916784801845,2026-08-11T22:23:00,216,MO,voice,788568557444310,404455182337498,7697,54350,30.72147,76.69628,318d18d62c07ec7420b8b04c8b9b44614bb2af87a412aece2289d321d138ae3f,832279ccb407938aa069e20008b4e250,cdr.csv
CDR00142,+918701436349,+916784801845,2026-08-11T20:14:00,184,MO,voice,788568557444310,404455182337498,4770,75570,30.70705,76.77017,988b1d4a4ddb7125eb850f8dfe1c1a36078724f4bf3e8949c4feb4ceef1c4bb1,832279ccb407938aa069e20008b4e250,cdr.csv
CDR00143,+918094777520,+917241904966,2026-08-11T09:36:00,210,MO,voice,711671902294137,404108699938677,6053,15952,30.66646,76.80813,67d7a5b64d7a9aa02113cd692756059687e088eb801412a7f3c734684fa64820,832279ccb407938aa069e20008b4e250,cdr.csv
CDR00144,+918094777520,+917053315869,2026-08-11T14:51:00,284,MO,voice,711671902294137,404108699938677,6053,15952,30.66646,76.80813,f5ec5196bdc7e49382a6d873b2909cd7b50b21d89c6705b1d06526aaf4a527b1,832279ccb407938aa069e20008b4e250,cdr.csv
CDR00145,+918094777520,+917175946474,2026-08-11T16:49:00,179,MT,voice,711671902294137,404108699938677,1920,56129,30.70088,76.72725,9770becdd668a369c12982d26b31477d823d47bc6dcd961a93ea8cbfc1b4991a,832279ccb407938aa069e20008b4e250,cdr.csv
CDR00146,+916936183242,+917859770348,2026-08-11T13:18:00,308,MT,voice,067974034471340,404499401399049,3419,40968,30.65234,76.72072,4680e723f787381559cc91510b659ce543354cc0c9b64fc568a23e25a7a4d143,832279ccb407938aa069e20008b4e250,cdr.csv
CDR00147,+918024994717,+917859770348,2026-08-11T22:49:00,120,MO,voice,067974034471340,404102787429671,4531,77154,30.65366,76.74159,4cc302ade2852ec73b349d7fcaa4f090227be31890941b3adb584b46f0b06e3c,832279ccb407938aa069e20008b4e250,cdr.csv
CDR00148,+918024994717,+917341316475,2026-08-11T14:34:00,197,MO,voice,067974034471340,404102787429671,3419,40968,30.65234,76.72072,e82ba25208a51156de73b812a486e9e1e2757fd2773f9fee1a926a8f92780c64,832279ccb407938aa069e20008b4e250,cdr.csv
CDR00149,+918024994717,+919044997278,2026-08-11T16:06:00,125,MO,voice,067974034471340,404102787429671,3419,40968,30.65234,76.72072,ae5ca9c0ba21787e827aff92563d38ec07e8962b407e3be178f94b84af9b1f2c,832279ccb407938aa069e20008b4e250,cdr.csv
CDR00150,+918024994717,+916081219136,2026-08-11T15:05:00,42,MO,voice,067974034471340,404102787429671,3093,97833,30.72434,76.80365,7d13ce951c6a8529dbc04f62c1ba5c40e0cd632eefc96f1cc08c988e32185b27,832279ccb407938aa069e20008b4e250,cdr.csv
CDR00151,+919648877190,+917859770348,2026-08-11T21:47:00,63,MO,voice,067974034471340,404865655125674,4084,52143,30.7126,76.75016,cc4f4b38210ad0ecfd6f5688c6c06a4d7b9b0867aa204a7f04ce07d9502991ad,832279ccb407938aa069e20008b4e250,cdr.csv
CDR00152,+919648877190,+916611724005,2026-08-11T09:37:00,310,MO,voice,067974034471340,404865655125674,3419,40968,30.65234,76.72072,b57a20781c62b57ae3a4e272339f95f4701cb67bedac3f00146ff00ab53ae953,832279ccb407938aa069e20008b4e250,cdr.csv
CDR00153,+919648877190,+917734670656,2026-08-11T16:16:00,181,MT,voice,067974034471340,404865655125674,4084,52143,30.7126,76.75016,54d558930e4068ed3953f30e5f226fea7a606c6bbc8747083c90703aaa9d55e1,832279ccb407938aa069e20008b4e250,cdr.csv
CDR00154,+919648877190,+916936183242,2026-08-11T17:28:00,159,MO,voice,067974034471340,404865655125674,4770,75570,30.70705,76.77017,a2024c8c4fde7c64ac2eb1d9c544b2f6b0dbd089b2b91170fc64efb33fcdcaa9,832279ccb407938aa069e20008b4e250,cdr.csv
CDR00155,+917859770348,+917911718227,2026-08-11T11:06:00,104,MT,voice,477109324808614,404451712748467,3248,43491,30.67473,76.7044,ae73b1ccd6b0d8b6834e2d1bfeb1da7948591da5273712cc1fc7be6463ca0099,832279ccb407938aa069e20008b4e250,cdr.csv
CDR00156,+917859770348,+918489638346,2026-08-11T18:49:00,126,MT,voice,477109324808614,404451712748467,6928,21551,30.69241,76.7027,f66851cbac7aeb84fc5c01e51d323968b7c6cb4a62eecdb88cb8736352f987b8,832279ccb407938aa069e20008b4e250,cdr.csv
CDR00157,+919044997278,+917957015430,2026-08-11T12:51:00,371,MT,voice,558867533963601,404497662702895,7947,73656,30.71285,76.7397,e2eb75233d16daca86f7208ebefa848f021c7cdadb701da6a440eb1535f5e434,832279ccb407938aa069e20008b4e250,cdr.csv
CDR00158,+916611724005,+918738721489,2026-08-11T17:09:00,66,MO,voice,158657809134318,404452858842474,9691,38197,30.68514,76.74444,d3a7f4459e0cefad6ad000293150d57a432f082fc1bdeced420d76a7e10f94f8,832279ccb407938aa069e20008b4e250,cdr.csv
CDR00159,+917455623869,+918094777520,2026-08-11T15:52:00,109,MO,voice,158657809134318,404491712368516,9691,38197,30.68514,76.74444,4614abe55f8471ace571368b3f143c386dfe4a54200f8084c3e2382338c20e4b,832279ccb407938aa069e20008b4e250,cdr.csv
CDR00160,+917221969379,+917911718227,2026-08-11T21:06:00,91,MO,voice,158657809134318,404104817549651,8147,12456,30.69517,76.69934,122273e232e82a67df23317f12c8feeddee488ac6ce3a55dcdbb334b3d793db3,832279ccb407938aa069e20008b4e250,cdr.csv
CDR00161,+917221969379,+917787133150,2026-08-11T13:52:00,225,MT,voice,158657809134318,404104817549651,2391,16895,30.65867,76.78053,8b3d0356970ef0d74157c1ee2fe101c037f6f1e03e6069e62d2017a8fe5f2e8a,832279ccb407938aa069e20008b4e250,cdr.csv
CDR00162,+917374740748,+916271937452,2026-08-11T09:01:00,53,MO,voice,158657809134318,404457098593174,9691,38197,30.68514,76.74444,d107d081da985c68ed6d4b032801b7bc335ce9712d8f9dde33db05277fab9da0,832279ccb407938aa069e20008b4e250,cdr.csv
CDR00163,+917175946474,+917957015430,2026-08-11T17:07:00,41,MT,voice,158657809134318,404861200471138,6626,21053,30.70055,76.71071,6920cd1df7952e66fd10becba7a0eea8a61cfd8959555307e094b2827bae0544,832279ccb407938aa069e20008b4e250,cdr.csv
CDR00164,+917175946474,+917221969379,2026-08-11T19:31:00,35,MT,voice,158657809134318,404861200471138,8682,67961,30.71577,76.78556,479974bd9d2e6660782d0b57d674d0e200fd72080c344162e822b0b3769255e7,832279ccb407938aa069e20008b4e250,cdr.csv
CDR00165,+918671369594,+918738721489,2026-08-11T12:17:00,163,MT,voice,158657809134318,404456758692617,8682,67961,30.71577,76.78556,4e007e5689fe3403e7b68c7800aac856c0c883019f2301dd98d0b7e063aa49cf,832279ccb407938aa069e20008b4e250,cdr.csv
CDR00166,+918671369594,+917734670656,2026-08-11T16:31:00,230,MT,voice,158657809134318,404456758692617,6321,32527,30.73616,76.76418,ca789b68db15a7d28aad0c42af98a3cf7c02c1166d40ed38a390f1e5f56e89ff,832279ccb407938aa069e20008b4e250,cdr.csv
CDR00167,+918671369594,+919044997278,2026-08-11T11:26:00,122,MO,voice,158657809134318,404456758692617,8601,83889,30.73119,76.74387,95b8dd0ad057e917d9b4c9c71c1fe0393a9497038af2eef1e2cd0d93c7fa3b64,832279ccb407938aa069e20008b4e250,cdr.csv
CDR00168,+917064090974,+919044997278,2026-08-11T18:30:00,298,MT,voice,158657809134318,404206405377351,8601,83889,30.73119,76.74387,251de762569be80ae07fa4dff405366f7e39e7e42fc1dbbdc75ab308e271717a,832279ccb407938aa069e20008b4e250,cdr.csv
CDR00169,+918953394210,+919044997278,2026-08-11T15:11:00,33,MT,voice,158657809134318,404498506431713,8682,67961,30.71577,76.78556,87cac1ee9ac45ad85c37a41171b2c57949cb3e3cd080d1c2577baca8ce2562a8,832279ccb407938aa069e20008b4e250,cdr.csv
CDR00170,+918953394210,+917241904966,2026-08-11T08:51:00,261,MT,voice,158657809134318,404498506431713,8682,67961,30.71577,76.78556,4e90061c6d4d197fbad3bb82cbdb4552e13d34df0ed34f9f75c8186d6025495d,832279ccb407938aa069e20008b4e250,cdr.csv
CDR00171,+918953394210,+916980841241,2026-08-11T10:15:00,356,MO,voice,158657809134318,404498506431713,2391,16895,30.65867,76.78053,6f90fb1ec0311f477d90f0f5b38e2939335dcd8ee34967b00088d2daad618398,832279ccb407938aa069e20008b4e250,cdr.csv
CDR00172,+917709521456,+918277434873,2026-08-11T19:22:00,108,MO,voice,158657809134318,404200053293183,8682,67961,30.71577,76.78556,fa392e5bc92eef0d80c52af4f72a8c7156882c4b06df647a480b33a079caecfc,832279ccb407938aa069e20008b4e250,cdr.csv
CDR00173,+917529042284,+917341316475,2026-08-11T18:36:00,308,MO,voice,102053950240266,404201177589178,2234,33218,30.75416,76.76535,8910fb37c29fe41ef4695edfd8a6057dd633e926a58fbd3073d613f71e0558c4,832279ccb407938aa069e20008b4e250,cdr.csv
CDR00174,+917529042284,+917064090974,2026-08-11T16:11:00,271,MO,voice,102053950240266,404201177589178,8147,12456,30.69517,76.69934,8d898c2580a248673d4cab710bbb9eebd8bf5645ffb051a86a0b5b316207d5ea,832279ccb407938aa069e20008b4e250,cdr.csv
CDR00175,+917529042284,+918277434873,2026-08-11T07:33:00,264,MO,voice,102053950240266,404201177589178,6129,85465,30.69151,76.73853,9d4ea6a964aea09fbdb0b44457bc799a53d40112b5ea60482c86292d2f773afa,832279ccb407938aa069e20008b4e250,cdr.csv
CDR00176,+918159212499,+917787133150,2026-08-11T17:45:00,110,MT,voice,698478961183676,404456576615654,1897,11007,30.66453,76.80344,09580bd2213510372ed11f6fe3d2bed8bcf906c54b5ab3aa2f01d0fdc964e54f,832279ccb407938aa069e20008b4e250,cdr.csv
CDR00177,+918159212499,+916081219136,2026-08-11T10:54:00,289,MT,voice,698478961183676,404456576615654,3419,40968,30.65234,76.72072,d87362ba8135bc916dabe6a20fc152eff79c368a1b6f617ac5f578c0115a8172,832279ccb407938aa069e20008b4e250,cdr.csv
CDR00178,+917049451983,+917911718227,2026-08-11T17:19:00,185,MO,voice,731585149368996,404200940244550,3248,43491,30.67473,76.7044,a79ac418ea45299ca155c3fb624b4e4b247bef5f6fa499620d5cf52e90dd48b0,832279ccb407938aa069e20008b4e250,cdr.csv
CDR00179,+917049451983,+917221969379,2026-08-11T22:41:00,182,MO,voice,731585149368996,404200940244550,4176,55793,30.68213,76.80499,3c8e80300eca1f0aa5f58deec50710edc546ec0c259099a87148b9fe66245cd9,832279ccb407938aa069e20008b4e250,cdr.csv
CDR00180,+917049451983,+919648877190,2026-08-11T14:42:00,321,MO,voice,731585149368996,404200940244550,3248,43491,30.67473,76.7044,10eaa23489a7b5da5c74f1231d1eb88917608ad0066e1d9ee6a8a10bbfeff3d3,832279ccb407938aa069e20008b4e250,cdr.csv
CDR00181,+917049451983,+918701436349,2026-08-11T11:11:00,393,MO,voice,731585149368996,404200940244550,4176,55793,30.68213,76.80499,4b56bd413f6be59c1b4870a3c4a0e3e6fd5b62212c24154aa6ef21ae6d60970e,832279ccb407938aa069e20008b4e250,cdr.csv
CDR00182,+919104332181,+917911718227,2026-08-12T08:00:00,90,MO,voice,001338908386376,404204026542351,3842,88957,30.65834,76.7811,8c1225d9304ca0078240719be53302c394fed03782d1c6bd3fed48a4712579b9,832279ccb407938aa069e20008b4e250,cdr.csv
CDR00183,+917341316475,+917957015430,2026-08-12T18:52:00,195,MO,voice,553419283276486,404455030564139,2234,33218,30.75416,76.76535,4d99f0c0be1951556bd23df1c94a18c9c2c2299feefad5ce343efe065fa7daa9,832279ccb407938aa069e20008b4e250,cdr.csv
CDR00184,+917341316475,+917175946474,2026-08-12T15:53:00,217,MT,voice,553419283276486,404455030564139,9149,66446,30.66108,76.73562,2bd46d64ae549120a6606ca270262dbfa37b2b8f1fe9982fa2645428f20b3176,832279ccb407938aa069e20008b4e250,cdr.csv
CDR00185,+917341316475,+918489638346,2026-08-12T11:44:00,391,MO,voice,553419283276486,404455030564139,9149,66446,30.66108,76.73562,47b9ae6543f1f5f58313e12c65439208f6d615896a1361fd320c8c99ae6bc30e,832279ccb407938aa069e20008b4e250,cdr.csv
CDR00186,+916784801845,+917455623869,2026-08-12T22:51:00,311,MT,voice,287101226916693,404203010310518,6053,15952,30.66646,76.80813,f51649b715aaa4f2c87a3cd5a87e053bc4d407a80d0269041fdba5664ca68077,832279ccb407938aa069e20008b4e250,cdr.csv
CDR00187,+916462704828,+917341316475,2026-08-12T11:30:00,269,MO,voice,287101226916693,404454738299737,6053,15952,30.66646,76.80813,225e9ee4fd93dc773b6fa40322e10dff5e3819e384b54e5a61f950631cba103c,832279ccb407938aa069e20008b4e250,cdr.csv
CDR00188,+916462704828,+916784801845,2026-08-12T09:16:00,355,MT,voice,287101226916693,404454738299737,6731,50662,30.75612,76.77382,a821d5909998892b9a285f2e8d07261ffee896cb27367884116e8415d57a833a,832279ccb407938aa069e20008b4e250,cdr.csv
CDR00189,+916462704828,+917709521456,2026-08-12T14:42:00,193,MO,voice,287101226916693,404454738299737,4770,75570,30.70705,76.77017,49eb22efdce96aa6eca8869168bc8d1d110d38f8eb804e3ea0e3d042dda3e6c9,832279ccb407938aa069e20008b4e250,cdr.csv
CDR00190,+916489325288,+919648877190,2026-08-12T19:09:00,305,MO,voice,287101226916693,404863116566701,3248,43491,30.67473,76.7044,b3c5ee908019d0aacec893d19cd1a8ba3ba01ad6eaaa633c7b52a6db566b33d7,832279ccb407938aa069e20008b4e250,cdr.csv
CDR00191,+916489325288,+918953394210,2026-08-12T22:54:00,273,MO,voice,287101226916693,404863116566701,2257,94497,30.74371,76.79264,23551257063115ed059af599f977cb2cbf7c08ab6e0292dda49600dce6004c8e,832279ccb407938aa069e20008b4e250,cdr.csv
CDR00192,+916489325288,+916936183242,2026-08-12T14:21:00,162,MO,voice,287101226916693,404863116566701,1897,11007,30.66453,76.80344,af860f7929a479eedcdb8a3ae9ebdb4dca0e94b4fe802a21fb43ae9741e0eec5,832279ccb407938aa069e20008b4e250,cdr.csv
CDR00193,+916489325288,+919044997278,2026-08-12T19:52:00,140,MO,voice,287101226916693,404863116566701,1897,11007,30.66453,76.80344,1e33b2828e0452f876e17c40f4c7bddd82144aeb5db87636b30000cce881add7,832279ccb407938aa069e20008b4e250,cdr.csv
CDR00194,+917957015430,+917064090974,2026-08-12T21:20:00,80,MT,voice,287101226916693,404106513338726,4770,75570,30.70705,76.77017,9425958fd74eb8479d4fe68defc63d989b51619d1b496c6fa26d12423502f106,832279ccb407938aa069e20008b4e250,cdr.csv
CDR00195,+917957015430,+917911718227,2026-08-12T19:26:00,38,MO,voice,287101226916693,404106513338726,1897,11007,30.66453,76.80344,3001a3d788765a659c6dbc41e2783e28d500d55653b4a98d7d5e8463aacd24fd,832279ccb407938aa069e20008b4e250,cdr.csv
CDR00196,+917957015430,+918094777520,2026-08-12T13:41:00,363,MT,voice,287101226916693,404106513338726,4770,75570,30.70705,76.77017,370989c00213e526fe9d84d541c483e52c52bd41dc4baa4fcb694d82dcfd9983,832279ccb407938aa069e20008b4e250,cdr.csv
CDR00197,+917911718227,+918277434873,2026-08-12T21:21:00,306,MT,voice,287101226916693,404454731781080,4770,75570,30.70705,76.77017,9595ccc1121a4aef1e148195cb6d3c778de72b5d256d602c545d8205e5d451a8,832279ccb407938aa069e20008b4e250,cdr.csv
CDR00198,+918489638346,+917911718227,2026-08-12T14:00:00,194,MT,voice,287101226916693,404103267736026,4770,75570,30.70705,76.77017,ab760ea15bacdb8f92ea37c5697fd82f782033b5acbbad1742218c880bd67810,832279ccb407938aa069e20008b4e250,cdr.csv
CDR00199,+918489638346,+918159212499,2026-08-12T18:44:00,74,MO,voice,287101226916693,404103267736026,6053,15952,30.66646,76.80813,527a6055ed47b393eac3bc6b4da6926f0bef483e8518f89964bc29bb912b78a4,832279ccb407938aa069e20008b4e250,cdr.csv
CDR00200,+918489638346,+917787133150,2026-08-12T20:06:00,150,MO,voice,287101226916693,404103267736026,6053,15952,30.66646,76.80813,02072e70b5f99f9190fe9731da25d8929b3da443c6b404953dbbb8421bc18eb8,832279ccb407938aa069e20008b4e250,cdr.csv
CDR00201,+917787133150,+917175946474,2026-08-12T13:45:00,193,MO,voice,287101226916693,404106474687234,4770,75570,30.70705,76.77017,030418e0981955ebdde28e43b3dfbc9465d2890f0d17c0d2280e4c8dddaa9ff9,832279ccb407938aa069e20008b4e250,cdr.csv
CDR00202,+917787133150,+918489638346,2026-08-12T21:29:00,357,MO,voice,287101226916693,404106474687234,4770,75570,30.70705,76.77017,bfc714877785e65d3fc07544a59671bc25ca5134da28f42955bfcbcfd6165df2,832279ccb407938aa069e20008b4e250,cdr.csv
CDR00203,+916081219136,+918159212499,2026-08-12T20:53:00,319,MT,voice,939909169985432,404493462475107,1815,98338,30.64979,76.74317,0f35228df7dc9ed524ac50440f4ec36aeeb94e1a300cae0f1eb8627ebdc10a69,832279ccb407938aa069e20008b4e250,cdr.csv
CDR00204,+916980841241,+917787133150,2026-08-12T10:24:00,356,MT,voice,824493534874017,404864005242786,3578,58503,30.6774,76.72893,6707bcc3b5219613d56fc968abbed3fefb08322890ab11d37d9a6b89d1bb8a1b,832279ccb407938aa069e20008b4e250,cdr.csv
CDR00205,+916980841241,+917455623869,2026-08-12T14:17:00,223,MT,voice,824493534874017,404864005242786,3578,58503,30.6774,76.72893,08c74f1e24e4d5fc05785a5a3eab50ee82ad50d82a325b4d7fa4e6ce220d6bc4,832279ccb407938aa069e20008b4e250,cdr.csv
CDR00206,+917053315869,+917787133150,2026-08-12T20:38:00,378,MT,voice,322602563421605,404863375433036,3248,43491,30.67473,76.7044,25041dc0d205304eebd755c291caf184b9f9d850193d509b9157777c8ba0143e,832279ccb407938aa069e20008b4e250,cdr.csv
CDR00207,+917053315869,+916936183242,2026-08-12T13:12:00,127,MT,voice,322602563421605,404863375433036,9149,66446,30.66108,76.73562,87093f3ff7ca25048ace526f3bfacd71a45e429f6734617036103011b3adbe7c,832279ccb407938aa069e20008b4e250,cdr.csv
CDR00208,+916569816934,+917053315869,2026-08-12T17:45:00,79,MT,voice,608835615951489,404496564823662,9624,22249,30.71752,76.74081,9f70829d16d9f9cdac12cad103d74861313a7131a0b3bb66afd17f3f9245c82c,832279ccb407938aa069e20008b4e250,cdr.csv
CDR00209,+916569816934,+917049451983,2026-08-12T20:43:00,293,MT,voice,608835615951489,404496564823662,3248,43491,30.67473,76.7044,5f2594cb155b5b26e1f3502524cd6043f77ebf092dfd76fb5415c9f4f8a1b8ce,832279ccb407938aa069e20008b4e250,cdr.csv
CDR00210,+918738721489,+917709521456,2026-08-12T10:01:00,215,MO,voice,134332003791762,404203676320163,2391,16895,30.65867,76.78053,777a19f4fa682c0c01f482820aa220fb49603cc45e25f4cf2a22a5ecb332798c,832279ccb407938aa069e20008b4e250,cdr.csv
CDR00211,+918277434873,+917241904966,2026-08-12T12:18:00,369,MT,voice,714345581223625,404451665876036,8682,67961,30.71577,76.78556,446aa1ef9226e923d0fe0b7b73f1bfae5d4d7f48cb051b55aa1930a10e07b34d,832279ccb407938aa069e20008b4e250,cdr.csv
CDR00212,+918277434873,+918701436349,2026-08-12T13:48:00,297,MO,voice,714345581223625,404451665876036,6928,21551,30.69241,76.7027,a7e10b838a903065aa0d18fc0bfc33c598a107f1c0d7f2e12cd8864daf5a2e22,832279ccb407938aa069e20008b4e250,cdr.csv
CDR00213,+917734670656,+918159212499,2026-08-12T14:47:00,351,MT,voice,729806990162729,404104653755646,3842,88957,30.65834,76.7811,987fcb30892daa77a5fa5fe8e7284d4aca98d9dd12a817eee25bec0ab65d78bc,832279ccb407938aa069e20008b4e250,cdr.csv
CDR00214,+916271937452,+916462704828,2026-08-12T19:24:00,233,MT,voice,193149190586514,404208776945314,6731,50662,30.75612,76.77382,4d029d9d66bfe63f5b585f45fa6d1f324e62e9b0d8ab53aa14b10a26ca9a259c,832279ccb407938aa069e20008b4e250,cdr.csv
CDR00215,+916271937452,+919104332181,2026-08-12T15:12:00,337,MT,voice,193149190586514,404208776945314,6928,21551,30.69241,76.7027,7ca2d5db8f35d91211dba688bc29ee952cd42bbd07fb8a884ed7b90c692bd6fc,832279ccb407938aa069e20008b4e250,cdr.csv
CDR00216,+916271937452,+917859770348,2026-08-12T13:49:00,391,MO,voice,193149190586514,404208776945314,6731,50662,30.75612,76.77382,254fe8cab842aad0ad49abd63b97568e420a5d56755eda0112513331fa338fc7,832279ccb407938aa069e20008b4e250,cdr.csv
CDR00217,+917241904966,+917053315869,2026-08-12T12:47:00,283,MO,voice,850671657262845,404863799650752,8682,67961,30.71577,76.78556,fd4e378a8f36bd5fb7035d7ab2daf41fd3f670539d6a8fee4078bf22283fcd19,832279ccb407938aa069e20008b4e250,cdr.csv
CDR00218,+918701436349,+918159212499,2026-08-12T15:08:00,102,MT,voice,788568557444310,404455182337498,1920,56129,30.70088,76.72725,4dcb5512c0b05aac026e12bc56b34fd41843258c30241f46942c7f4316b1e3c0,832279ccb407938aa069e20008b4e250,cdr.csv
CDR00219,+918701436349,+916081219136,2026-08-12T08:09:00,185,MO,voice,788568557444310,404455182337498,4770,75570,30.70705,76.77017,21df39242a70726be6498a814410edc18237e46ce621633790f65deec4175758,832279ccb407938aa069e20008b4e250,cdr.csv
CDR00220,+918701436349,+918094777520,2026-08-12T22:50:00,313,MT,voice,788568557444310,404455182337498,6072,83259,30.6852,76.785,0d8db0d600893f4c6875ce321753a5207d73589acff5eabae4a9f430bac5ed5e,832279ccb407938aa069e20008b4e250,cdr.csv
CDR00221,+918094777520,+917709521456,2026-08-12T14:11:00,286,MO,voice,711671902294137,404108699938677,6053,15952,30.66646,76.80813,b9e52390aa655702cda6d8f0c4bf7b85d4fc8f0c3dd68952166bf37858faf185,832279ccb407938aa069e20008b4e250,cdr.csv
CDR00222,+918094777520,+917455623869,2026-08-12T19:05:00,198,MO,voice,711671902294137,404108699938677,2257,94497,30.74371,76.79264,0d3785caab9ceaedd12b38ddd8b598be7bda98cc960fa24226b9b472f9e3c126,832279ccb407938aa069e20008b4e250,cdr.csv
CDR00223,+918094777520,+918024994717,2026-08-12T17:23:00,170,MO,voice,711671902294137,404108699938677,3463,53694,30.64978,76.76963,5624edd3e06471902d4385e774a76a150e92ab605cb6cfcbeb48c2eecb14105c,832279ccb407938aa069e20008b4e250,cdr.csv
CDR00224,+916936183242,+918159212499,2026-08-12T07:07:00,362,MT,voice,067974034471340,404499401399049,4084,52143,30.7126,76.75016,f88698b22db35819079b05001e679ecce52bc0e6c2ef06910db60cf61e4bc66b,832279ccb407938aa069e20008b4e250,cdr.csv
CDR00225,+916936183242,+917734670656,2026-08-12T08:43:00,184,MT,voice,067974034471340,404499401399049,3419,40968,30.65234,76.72072,76744b7ebe4d78a1be5dfe8ab3e1c0397edd855523072ad166e134c4bb990747,832279ccb407938aa069e20008b4e250,cdr.csv
CDR00226,+916936183242,+919044997278,2026-08-12T15:34:00,390,MT,voice,067974034471340,404499401399049,1672,68947,30.74909,76.7586,e12b7fb60c315e5e60b7828bb9443b52b08d5e1cf4eccbab08e26b151062f17a,832279ccb407938aa069e20008b4e250,cdr.csv
CDR00227,+916936183242,+917859770348,2026-08-12T21:31:00,42,MT,voice,067974034471340,404499401399049,3419,40968,30.65234,76.72072,35ee608860359aa92624bc238c7c79c5c238ff24e26c6f5e510a311f33d60e88,832279ccb407938aa069e20008b4e250,cdr.csv
CDR00228,+918024994717,+918953394210,2026-08-12T09:06:00,105,MO,voice,067974034471340,404102787429671,3419,40968,30.65234,76.72072,a403fdc4fffc73d50e02c83c7ab243d1187b5ff1688a94e8e5991735a68b47e6,832279ccb407938aa069e20008b4e250,cdr.csv
CDR00229,+918024994717,+918738721489,2026-08-12T20:53:00,73,MO,voice,067974034471340,404102787429671,4084,52143,30.7126,76.75016,b74ba21aae023d498ebba4e65781bf0c207d6d8bf8f2fee2843165f1a4823407,832279ccb407938aa069e20008b4e250,cdr.csv
CDR00230,+918024994717,+917221969379,2026-08-12T09:47:00,371,MO,voice,067974034471340,404102787429671,6072,83259,30.6852,76.785,e3a250e2ff9d7a7315de4af16aeaaf35c772ac17643720261bfb16813b3e5670,832279ccb407938aa069e20008b4e250,cdr.csv
CDR00231,+919648877190,+916784801845,2026-08-12T09:04:00,47,MO,voice,067974034471340,404865655125674,3093,97833,30.72434,76.80365,26c243026366b4a7db04382bf4a80474bb0b31627199a22441cc78c843d786f6,832279ccb407938aa069e20008b4e250,cdr.csv
CDR00232,+919648877190,+916489325288,2026-08-12T14:58:00,152,MT,voice,067974034471340,404865655125674,4084,52143,30.7126,76.75016,3894c943302bc1ea33df6575bc13ea61a64b5de3604eb0901b0b21ce8c6376df,832279ccb407938aa069e20008b4e250,cdr.csv
CDR00233,+919648877190,+916611724005,2026-08-12T20:20:00,28,MT,voice,067974034471340,404865655125674,3093,97833,30.72434,76.80365,5b62c816330da1aee16cbcda7a4263b74ef83dbdf6b24dadcd02c9a2063a8834,832279ccb407938aa069e20008b4e250,cdr.csv
CDR00234,+917859770348,+916489325288,2026-08-12T08:44:00,57,MT,voice,477109324808614,404451712748467,6928,21551,30.69241,76.7027,99b472848d56bc12049ff05e812e3b32ee802ed029ed59a472b0b8377082bf27,832279ccb407938aa069e20008b4e250,cdr.csv
CDR00235,+919044997278,+918094777520,2026-08-12T09:18:00,244,MT,voice,558867533963601,404497662702895,7947,73656,30.71285,76.7397,6e2447b88a0cbeefd5c307c5336f5ecb96c75acd3b49d3ffca4e4687eea34e53,832279ccb407938aa069e20008b4e250,cdr.csv
CDR00236,+919044997278,+917341316475,2026-08-12T22:10:00,293,MO,voice,558867533963601,404497662702895,1897,11007,30.66453,76.80344,04221546eac21d4a6f01240b7dc92c7e285bf2454f3009133ed8ab0e3558de50,832279ccb407938aa069e20008b4e250,cdr.csv
CDR00237,+919044997278,+917529042284,2026-08-12T16:40:00,93,MT,voice,558867533963601,404497662702895,8147,12456,30.69517,76.69934,e6278f357a281c77c131f212ebb69ec43fd156a9012ae13ac103e9c237b0be04,832279ccb407938aa069e20008b4e250,cdr.csv
CDR00238,+916611724005,+919104332181,2026-08-12T11:07:00,41,MO,voice,158657809134318,404452858842474,9691,38197,30.68514,76.74444,69a3b134ae731e18a5a4dbd71a0b1b80bce9e3e1b8aad126ea1560587030048c,832279ccb407938aa069e20008b4e250,cdr.csv
CDR00239,+916611724005,+917529042284,2026-08-12T09:19:00,127,MT,voice,158657809134318,404452858842474,2391,16895,30.65867,76.78053,530b969113537ed2f3c2896f55b2cd460cc15cdbf2ac3765de7d93148c33d4e5,832279ccb407938aa069e20008b4e250,cdr.csv
CDR00240,+916611724005,+918953394210,2026-08-12T11:10:00,114,MO,voice,158657809134318,404452858842474,8682,67961,30.71577,76.78556,a046305f5da2471ff5ee3c584e1428584a8c8006293bcd7282b423e97af7de96,832279ccb407938aa069e20008b4e250,cdr.csv
CDR00241,+917455623869,+918489638346,2026-08-12T12:42:00,310,MO,voice,158657809134318,404491712368516,8601,83889,30.73119,76.74387,e6d6a6787951d5758f1f1c3d7393f9b31e9690f56c0144188add604e140c31eb,832279ccb407938aa069e20008b4e250,cdr.csv
CDR00242,+917455623869,+917175946474,2026-08-12T09:18:00,363,MO,voice,158657809134318,404491712368516,8682,67961,30.71577,76.78556,109bf1aee87bde5f500907302706190482eed5d57f3ad4c4728c2df14bfc38e2,832279ccb407938aa069e20008b4e250,cdr.csv
CDR00243,+917221969379,+918024994717,2026-08-12T18:08:00,363,MO,voice,158657809134318,404104817549651,7697,54350,30.72147,76.69628,c91251fc9ee1706a702a5b9cee916df88eb66dfcd603f3500e90c9440582df7c,832279ccb407938aa069e20008b4e250,cdr.csv
CDR00244,+917221969379,+916489325288,2026-08-12T13:20:00,268,MT,voice,158657809134318,404104817549651,2391,16895,30.65867,76.78053,f7cb36017aa482817697c850aafb0ade6521583a709ba037dc135a2111edf151,832279ccb407938aa069e20008b4e250,cdr.csv
CDR00245,+917221969379,+918094777520,2026-08-12T11:36:00,310,MT,voice,158657809134318,404104817549651,9691,38197,30.68514,76.74444,8827e6a33c7511122f63708860f2e5756b1eed86d4d60df149279cb7f47a5861,832279ccb407938aa069e20008b4e250,cdr.csv
CDR00246,+917221969379,+916980841241,2026-08-12T07:20:00,146,MO,voice,158657809134318,404104817549651,2391,16895,30.65867,76.78053,bc589172c76a97264413737eeda6ba3858874f47a67150bbddeb8e81eb7b2acc,832279ccb407938aa069e20008b4e250,cdr.csv
CDR00247,+917374740748,+917241904966,2026-08-12T18:08:00,367,MT,voice,158657809134318,404457098593174,9691,38197,30.68514,76.74444,930acf90b9e2546cd0e0479446dbe2b1bc9cb490398b308a1c50d44e70d7b671,832279ccb407938aa069e20008b4e250,cdr.csv
CDR00248,+917374740748,+919648877190,2026-08-12T16:31:00,302,MO,voice,158657809134318,404457098593174,8601,83889,30.73119,76.74387,02669bac83eb02007e3508d7661886415a102c46f41662aefe327cb926f3c03a,832279ccb407938aa069e20008b4e250,cdr.csv
CDR00249,+917374740748,+917957015430,2026-08-12T15:54:00,91,MO,voice,158657809134318,404457098593174,2391,16895,30.65867,76.78053,8d4cd4e98f4e995d42e28b1cf95c964188764ecb31cdd275acc96325a6725d22,832279ccb407938aa069e20008b4e250,cdr.csv
CDR00250,+917175946474,+916489325288,2026-08-12T07:54:00,279,MO,voice,158657809134318,404861200471138,8601,83889,30.73119,76.74387,9585a41bc8eab6f674565b98b35fbe9403075b92865c0381219b452e49239d52,832279ccb407938aa069e20008b4e250,cdr.csv
CDR00251,+918671369594,+918738721489,2026-08-12T08:35:00,153,MT,voice,158657809134318,404456758692617,8682,67961,30.71577,76.78556,b2df260a8569a783197a3a1c2045e44abfbdc77fc534f05ab888ab6b34f3a6f7,832279ccb407938aa069e20008b4e250,cdr.csv
CDR00252,+918671369594,+917859770348,2026-08-12T19:14:00,321,MT,voice,158657809134318,404456758692617,8601,83889,30.73119,76.74387,6bf11f8e1bc55407f3f116b1d6253eece3aafec03e98902723358c7f6927fe1f,832279ccb407938aa069e20008b4e250,cdr.csv
CDR00253,+918671369594,+918953394210,2026-08-12T09:25:00,206,MO,voice,158657809134318,404456758692617,8601,83889,30.73119,76.74387,9fc0a78cd3f02125d7d86b587d529572782dfd3d6ca5f2e4370068f6f7eff0a6,832279ccb407938aa069e20008b4e250,cdr.csv
CDR00254,+918671369594,+916980841241,2026-08-12T11:28:00,101,MO,voice,158657809134318,404456758692617,8601,83889,30.73119,76.74387,a5864f3a39446de27c6a11085dc0630f647b4f3e07ddd72fdbb350436d54fa70,832279ccb407938aa069e20008b4e250,cdr.csv
CDR00255,+917064090974,+918671369594,2026-08-12T18:02:00,132,MT,voice,158657809134318,404206405377351,8682,67961,30.71577,76.78556,8056ffdf7a346cd647eb14d8ef4a6a4939d967fa1d03aa11fd770e43ef2d5b52,832279ccb407938aa069e20008b4e250,cdr.csv
CDR00256,+917064090974,+917859770348,2026-08-12T14:02:00,362,MO,voice,158657809134318,404206405377351,8682,67961,30.71577,76.78556,c2ecbe450864543caa08c9f86f07e4002ed4bb9d4bf74dc9f520aca72345d5cf,832279ccb407938aa069e20008b4e250,cdr.csv
CDR00257,+918953394210,+918671369594,2026-08-12T21:56:00,43,MO,voice,158657809134318,404498506431713,8682,67961,30.71577,76.78556,b5dba6a64f8ebc4f8511ca797cd240670baf12081dde09056f0f3034e64b62c1,832279ccb407938aa069e20008b4e250,cdr.csv
CDR00258,+918953394210,+917911718227,2026-08-12T15:53:00,399,MT,voice,158657809134318,404498506431713,8601,83889,30.73119,76.74387,275002436c6cf0969f37e7dbbbc8eaf972db1ebeaba1140d05001e4df7c592ae,832279ccb407938aa069e20008b4e250,cdr.csv
CDR00259,+918953394210,+917053315869,2026-08-12T19:41:00,213,MT,voice,158657809134318,404498506431713,8682,67961,30.71577,76.78556,32e1010e26bdc93354258f8ab1021b84688786ed2553840ae61aac28d96e541c,832279ccb407938aa069e20008b4e250,cdr.csv
CDR00260,+918953394210,+917709521456,2026-08-12T15:24:00,134,MT,voice,158657809134318,404498506431713,8682,67961,30.71577,76.78556,e20f5263dc79b71a5363448314880dd9d6298603a541d6067e06dd5255f0ca13,832279ccb407938aa069e20008b4e250,cdr.csv
CDR00261,+917709521456,+918671369594,2026-08-12T07:32:00,91,MT,voice,158657809134318,404200053293183,8682,67961,30.71577,76.78556,28ad44eb777570e151c41b029e7fdc87bccf8c87fc58b62fe737adc985e1ec01,832279ccb407938aa069e20008b4e250,cdr.csv
CDR00262,+917709521456,+918953394210,2026-08-12T15:13:00,96,MO,voice,158657809134318,404200053293183,8601,83889,30.73119,76.74387,44f8db73454413e1bb7dae70bd5b3a4b5f2a3a20804a95f8cf09d2e6a1bc12c4,832279ccb407938aa069e20008b4e250,cdr.csv
CDR00263,+917709521456,+918489638346,2026-08-12T14:26:00,189,MO,voice,158657809134318,404200053293183,9691,38197,30.68514,76.74444,5fe8ca8a200a13b020c09e06d1d3083253e112d315f6643dbf68215a58db7212,832279ccb407938aa069e20008b4e250,cdr.csv
CDR00264,+917709521456,+918671369594,2026-08-12T13:37:00,102,MT,voice,158657809134318,404200053293183,3578,58503,30.6774,76.72893,15133aa9ec22267547afdd6c857f9de8b919da7223740f854b561fa15a95f807,832279ccb407938aa069e20008b4e250,cdr.csv
CDR00265,+917529042284,+917049451983,2026-08-12T12:08:00,342,MO,voice,102053950240266,404201177589178,2234,33218,30.75416,76.76535,ca6a753840c59d1bb20c686b080f6a627d2bb5da8bd2cd85dbf69f0b586803cb,832279ccb407938aa069e20008b4e250,cdr.csv
CDR00266,+917529042284,+916462704828,2026-08-12T12:16:00,112,MT,voice,102053950240266,404201177589178,6129,85465,30.69151,76.73853,7fc6311e29a35bba8718f0784c0562e43e3bbb6f256607af13177098ee2a23c0,832279ccb407938aa069e20008b4e250,cdr.csv
CDR00267,+918159212499,+918701436349,2026-08-12T09:13:00,249,MT,voice,698478961183676,404456576615654,3419,40968,30.65234,76.72072,0c89e3225f4ab9a615ca596d30459a185cab4a89e6dd8de6e2ec7aa97f371987,832279ccb407938aa069e20008b4e250,cdr.csv
CDR00268,+917049451983,+917455623869,2026-08-12T11:50:00,318,MO,voice,731585149368996,404200940244550,4176,55793,30.68213,76.80499,73ea2081eb599095389b1ebbb10305aac299b4d2b10c58e3a7a1f57ad6393fed,832279ccb407938aa069e20008b4e250,cdr.csv
CDR00269,+917049451983,+916271937452,2026-08-12T12:46:00,371,MT,voice,731585149368996,404200940244550,4176,55793,30.68213,76.80499,da91a5569cfaaf7175c838fd6e0c9a8b6c8ac2a90776fbe6baf7193da4515b70,832279ccb407938aa069e20008b4e250,cdr.csv
CDR00270,+919104332181,+917734670656,2026-08-13T08:12:00,255,MO,voice,001338908386376,404204026542351,3419,40968,30.65234,76.72072,c0a7e82b5af1724b36e5658bd1731dd53ef55bfde9abeaaf729096e7bae234d3,832279ccb407938aa069e20008b4e250,cdr.csv
CDR00271,+919104332181,+918671369594,2026-08-13T19:43:00,179,MT,voice,001338908386376,404204026542351,3419,40968,30.65234,76.72072,b864706cae08c425f4210bcfdeaf0f2f4b7dd324a5d826acae11d989e204201d,832279ccb407938aa069e20008b4e250,cdr.csv
CDR00272,+919104332181,+918159212499,2026-08-13T10:16:00,266,MT,voice,001338908386376,404204026542351,3419,40968,30.65234,76.72072,4b79db9e390a72daa97745ce301804198f8c81a394342da59e4d57da81a456f9,832279ccb407938aa069e20008b4e250,cdr.csv
CDR00273,+919104332181,+918738721489,2026-08-13T10:15:00,344,MT,voice,001338908386376,404204026542351,3419,40968,30.65234,76.72072,97b3b3354f9a05b9faf8f4586d7cdfcb7ce20a8a9289f821e2b79db0d6800347,832279ccb407938aa069e20008b4e250,cdr.csv
CDR00274,+917341316475,+918489638346,2026-08-13T19:50:00,144,MO,voice,553419283276486,404455030564139,9307,60394,30.69553,76.75652,2c7536f81cb9fe628c22b7219f0559e74091cd75e52ef921f41a8234db01a26e,832279ccb407938aa069e20008b4e250,cdr.csv
CDR00275,+917341316475,+918671369594,2026-08-13T11:23:00,65,MO,voice,553419283276486,404455030564139,9149,66446,30.66108,76.73562,6dced49aaaf63a9ee228119784e5102030dc02883a675f446d467a2da88cee43,832279ccb407938aa069e20008b4e250,cdr.csv
CDR00276,+917341316475,+918024994717,2026-08-13T08:03:00,202,MO,voice,553419283276486,404455030564139,9149,66446,30.66108,76.73562,25eb906e6e94442b5fd3469f956079fac5b4891d48106fd12ced95c2d74a6ecf,832279ccb407938aa069e20008b4e250,cdr.csv
CDR00277,+916784801845,+917064090974,2026-08-13T14:20:00,305,MT,voice,287101226916693,404203010310518,6053,15952,30.66646,76.80813,9f7f4092758a72d7e8b148b0663e7a3550e43f228680c6c2dcd54f9b58fb8c23,832279ccb407938aa069e20008b4e250,cdr.csv
CDR00278,+916784801845,+916569816934,2026-08-13T07:44:00,213,MT,voice,287101226916693,404203010310518,4770,75570,30.70705,76.77017,93ff2864ae40882f625ba1c6f15dcdbb11236d5e8e612ad8c2c3ab662b7d5850,832279ccb407938aa069e20008b4e250,cdr.csv
CDR00279,+916462704828,+917064090974,2026-08-13T21:35:00,170,MT,voice,287101226916693,404454738299737,4770,75570,30.70705,76.77017,d7b60fdfba42c4828333cc4c8cbebd1f72184f8d70842651e4288720f228368b,832279ccb407938aa069e20008b4e250,cdr.csv
CDR00280,+916489325288,+916936183242,2026-08-13T21:17:00,326,MO,voice,287101226916693,404863116566701,1897,11007,30.66453,76.80344,cc53e2e642d9065a9317b74c0fdfe96786a5117d226204592310bb8a8457405f,832279ccb407938aa069e20008b4e250,cdr.csv
CDR00281,+916489325288,+917374740748,2026-08-13T16:52:00,154,MT,voice,287101226916693,404863116566701,1897,11007,30.66453,76.80344,5c49871f059e0085e4b0d610c32e1481035e2ad1a162ef35616290dc04ea996b,832279ccb407938aa069e20008b4e250,cdr.csv
CDR00282,+916489325288,+919044997278,2026-08-13T12:56:00,29,MT,voice,287101226916693,404863116566701,4770,75570,30.70705,76.77017,b0177782dee379e55317636ebfd780f7c9da8d32c3e4216a3cb570e82263523d,832279ccb407938aa069e20008b4e250,cdr.csv
CDR00283,+917957015430,+916489325288,2026-08-13T19:12:00,288,MT,voice,287101226916693,404106513338726,4770,75570,30.70705,76.77017,bfe5d1cb6a5c327d189e9b65e51dba3ca2614fce301327dc0143071a5ec55ebe,832279ccb407938aa069e20008b4e250,cdr.csv
CDR00284,+917957015430,+918701436349,2026-08-13T17:26:00,348,MT,voice,287101226916693,404106513338726,1672,68947,30.74909,76.7586,332d47dbbedf829b1bc90057f19eda9de3c8a0aa7317a41980e46596446ce8b9,832279ccb407938aa069e20008b4e250,cdr.csv
CDR00285,+917957015430,+916489325288,2026-08-13T08:53:00,86,MO,voice,287101226916693,404106513338726,4770,75570,30.70705,76.77017,5b86d67b69d5c6217ae6b3d240df482bfcf74628acad13a5d58bb73ef4e45b33,832279ccb407938aa069e20008b4e250,cdr.csv
CDR00286,+917911718227,+917064090974,2026-08-13T13:06:00,36,MT,voice,287101226916693,404454731781080,1897,11007,30.66453,76.80344,82f8a2414a71ebf0ebc4563e7a7bc0f007cd20b520a9972ceb4e0e4e8be96cfd,832279ccb407938aa069e20008b4e250,cdr.csv
CDR00287,+918489638346,+916462704828,2026-08-13T18:14:00,330,MO,voice,287101226916693,404103267736026,6802,19447,30.68765,76.77904,c8e87eab3449659f4c88b592bf39dd18a96dca4b1f155829b240da58bd42f83e,832279ccb407938aa069e20008b4e250,cdr.csv
CDR00288,+918489638346,+917064090974,2026-08-13T09:29:00,347,MO,voice,287101226916693,404103267736026,6053,15952,30.66646,76.80813,0cc48122082b91fcd146ee2f86d31bf64af6eab0e7c13cb4afcd80cff91e68e0,832279ccb407938aa069e20008b4e250,cdr.csv
CDR00289,+918489638346,+917859770348,2026-08-13T08:52:00,335,MT,voice,287101226916693,404103267736026,4770,75570,30.70705,76.77017,19c7578965a9a8cf87afded63694aa2b1e2b3833b54b88d33225c53224532eb2,832279ccb407938aa069e20008b4e250,cdr.csv
CDR00290,+917787133150,+916489325288,2026-08-13T13:33:00,69,MO,voice,287101226916693,404106474687234,1897,11007,30.66453,76.80344,39c9db3fda903d64eb804e05c857a085723e14d5e65e61bfb95fbfafd33106c9,832279ccb407938aa069e20008b4e250,cdr.csv
CDR00291,+917787133150,+919044997278,2026-08-13T13:12:00,289,MO,voice,287101226916693,404106474687234,4770,75570,30.70705,76.77017,0aa441d60a43813b20f44636e27d9ee0ad63bfcaa7c9513f084c658afc9c3c59,832279ccb407938aa069e20008b4e250,cdr.csv
CDR00292,+917787133150,+918159212499,2026-08-13T20:47:00,74,MT,voice,287101226916693,404106474687234,6053,15952,30.66646,76.80813,d61aaea105ade34d7d0930070414ddd99bdecd426949306125a86d464482bdf8,832279ccb407938aa069e20008b4e250,cdr.csv
CDR00293,+916081219136,+916980841241,2026-08-13T12:35:00,225,MT,voice,939909169985432,404493462475107,1672,68947,30.74909,76.7586,b8cd13f45377004c975774d9ca91eba5111999695d473ca998ec142b96f45d06,832279ccb407938aa069e20008b4e250,cdr.csv
CDR00294,+916980841241,+919648877190,2026-08-13T17:35:00,186,MT,voice,824493534874017,404864005242786,2251,76910,30.71599,76.75367,e7c7f56ff3661cbb5761b831250495e375ce9a31880ba5262e889e95b5b399f2,832279ccb407938aa069e20008b4e250,cdr.csv
CDR00295,+916980841241,+917221969379,2026-08-13T17:38:00,143,MO,voice,824493534874017,404864005242786,3463,53694,30.64978,76.76963,4edc0f9cbf5da3c61630dc5fa54c6534994662286639c86bff9fa1dd448f49b1,832279ccb407938aa069e20008b4e250,cdr.csv
CDR00296,+916980841241,+916271937452,2026-08-13T18:28:00,249,MT,voice,824493534874017,404864005242786,3578,58503,30.6774,76.72893,2b0a28518ba64baacbfa079a951a1646e83c64071ca34d48ce0c343a775f4e40,832279ccb407938aa069e20008b4e250,cdr.csv
CDR00297,+916980841241,+918701436349,2026-08-13T07:33:00,89,MT,voice,824493534874017,404864005242786,8147,12456,30.69517,76.69934,e93ad2131ecd64dbc0bc1bbc754f2a9f8fa39815616ece55cb6905deeb23b4e1,832279ccb407938aa069e20008b4e250,cdr.csv
CDR00298,+917053315869,+916936183242,2026-08-13T07:49:00,373,MT,voice,322602563421605,404863375433036,3248,43491,30.67473,76.7044,641749f9bb645333f9e22c6f9a3d6bb39a7cccc677354ae0ba5980619ede7615,832279ccb407938aa069e20008b4e250,cdr.csv
CDR00299,+917053315869,+918159212499,2026-08-13T11:06:00,39,MT,voice,322602563421605,404863375433036,6053,15952,30.66646,76.80813,06397638b35cbd8facda8d665826eda75847d6c351ccbc00345a22099cb38bb9,832279ccb407938aa069e20008b4e250,cdr.csv
CDR00300,+916569816934,+917859770348,2026-08-13T14:14:00,151,MT,voice,608835615951489,404496564823662,2234,33218,30.75416,76.76535,31c99a030959055c93c83f0163f36569e20b26cbf997bf11e0951aa8b1d67811,832279ccb407938aa069e20008b4e250,cdr.csv
CDR00301,+916569816934,+917049451983,2026-08-13T13:46:00,59,MT,voice,608835615951489,404496564823662,7421,26901,30.7114,76.80256,1ea9e0e5e50e20730fbbb40e2b5d910de70ff59f47e5fb200b6e7013841e2d63,832279ccb407938aa069e20008b4e250,cdr.csv
CDR00302,+916569816934,+917064090974,2026-08-13T10:38:00,348,MT,voice,608835615951489,404496564823662,6626,21053,30.70055,76.71071,0128bda05e2db04ab5fa90375530258977c017fa8afc33457f2a677c8db961b3,832279ccb407938aa069e20008b4e250,cdr.csv
CDR00303,+918738721489,+917957015430,2026-08-13T08:58:00,191,MT,voice,134332003791762,404203676320163,7421,26901,30.7114,76.80256,82d6c7357ea8e36c322964b7dd66d147afe371631bc7b6ed9e640efd4e5c8338,832279ccb407938aa069e20008b4e250,cdr.csv
CDR00304,+918738721489,+917455623869,2026-08-13T10:55:00,136,MO,voice,134332003791762,404203676320163,6129,85465,30.69151,76.73853,db7a44fb89ee47bf20115adcc5bd32c7da4d788481975271e76f775d049f2e55,832279ccb407938aa069e20008b4e250,cdr.csv
CDR00305,+918738721489,+919044997278,2026-08-13T08:19:00,288,MO,voice,134332003791762,404203676320163,9624,22249,30.71752,76.74081,e2d7186e195c60a613dbd7a81c73d1a75e1b24e8c78c7b2a3dda55d1e89de72c,832279ccb407938aa069e20008b4e250,cdr.csv
CDR00306,+918738721489,+916081219136,2026-08-13T17:32:00,377,MO,voice,134332003791762,404203676320163,6129,85465,30.69151,76.73853,98239c24b0651fcfa38e5278147066adcde61b5510438ce9c43a8e6334288702,832279ccb407938aa069e20008b4e250,cdr.csv
CDR00307,+918277434873,+917374740748,2026-08-13T09:14:00,241,MT,voice,714345581223625,404451665876036,8682,67961,30.71577,76.78556,6ef9d1e8bd0fc777e69a2e268e67d67776292dc5564acd6dfa93148fd24d9f3c,832279ccb407938aa069e20008b4e250,cdr.csv
CDR00308,+918277434873,+917787133150,2026-08-13T17:05:00,263,MO,voice,714345581223625,404451665876036,8682,67961,30.71577,76.78556,ee9184d0181c742ab4bdc00eb185c5bb8a6f277c40abfca5cb0cb4b0aa185dcd,832279ccb407938aa069e20008b4e250,cdr.csv
CDR00309,+918277434873,+917957015430,2026-08-13T19:32:00,242,MO,voice,714345581223625,404451665876036,6928,21551,30.69241,76.7027,756dcc609e76e17a5f37e6a865c03bcf893e78bd2e57fa7d11374838ae067f58,832279ccb407938aa069e20008b4e250,cdr.csv
CDR00310,+918277434873,+918159212499,2026-08-13T13:31:00,222,MO,voice,714345581223625,404451665876036,8147,12456,30.69517,76.69934,95452f35fdbd877a4148163c2995c743028116f6b72f799c123437989a219804,832279ccb407938aa069e20008b4e250,cdr.csv
CDR00311,+917734670656,+916489325288,2026-08-13T15:49:00,240,MT,voice,729806990162729,404104653755646,4770,75570,30.70705,76.77017,f7aaadeaf6ca9e23275c5047f09e228f2f85c57ec5e5b164c7ef0c423ff0e67c,832279ccb407938aa069e20008b4e250,cdr.csv
CDR00312,+916271937452,+918489638346,2026-08-13T20:27:00,207,MT,voice,193149190586514,404208776945314,6731,50662,30.75612,76.77382,76716309663a930b92f89be58095dceafcd60af13cb227856d30c544d3f5a473,832279ccb407938aa069e20008b4e250,cdr.csv
CDR00313,+917241904966,+918094777520,2026-08-13T12:22:00,335,MT,voice,850671657262845,404863799650752,8682,67961,30.71577,76.78556,32859d17397fdd4f63c06f9190cf45e7343ab846ac77f154f131ee5be71115cf,832279ccb407938aa069e20008b4e250,cdr.csv
CDR00314,+918701436349,+918277434873,2026-08-13T13:43:00,211,MO,voice,788568557444310,404455182337498,7697,54350,30.72147,76.69628,40d16baf1dbf4eecf52f19a8d59410ca1ca0f01cfebda6eed807c443e82a22a9,832279ccb407938aa069e20008b4e250,cdr.csv
CDR00315,+918094777520,+918489638346,2026-08-13T08:15:00,337,MO,voice,711671902294137,404108699938677,6053,15952,30.66646,76.80813,7e2dbef36e5b26e4e8b7f652de43c6fc2448334e63eb8cc6523f24d5f9a7be0a,832279ccb407938aa069e20008b4e250,cdr.csv
CDR00316,+916936183242,+918024994717,2026-08-13T10:19:00,250,MT,voice,067974034471340,404499401399049,6802,19447,30.68765,76.77904,0f61eb497c1859dd257118fcf051ab9bdae8e0069b2469c1f3247f257e86055a,832279ccb407938aa069e20008b4e250,cdr.csv
CDR00317,+918024994717,+918738721489,2026-08-13T15:35:00,267,MO,voice,067974034471340,404102787429671,4084,52143,30.7126,76.75016,150cc9ebbe18eb5030a50859be6149d1b9732351c1f568360bd3c1a84df13335,832279ccb407938aa069e20008b4e250,cdr.csv
CDR00318,+918024994717,+917341316475,2026-08-13T19:37:00,359,MO,voice,067974034471340,404102787429671,3419,40968,30.65234,76.72072,f21a479b9d77b19fafa08f0550e8341d1f8bc686f0203c82005998f5f7632588,832279ccb407938aa069e20008b4e250,cdr.csv
CDR00319,+919648877190,+916569816934,2026-08-13T15:03:00,258,MO,voice,067974034471340,404865655125674,3463,53694,30.64978,76.76963,9381d0170c910a482891776b13710717508933318e05a3a3cd21eb36010d2b0c,832279ccb407938aa069e20008b4e250,cdr.csv
CDR00320,+919648877190,+917241904966,2026-08-13T18:55:00,75,MO,voice,067974034471340,404865655125674,4084,52143,30.7126,76.75016,0c5dcf19c1f7d324a9d527e6663e6db23b8407836894a643a36887f49018d2f9,832279ccb407938aa069e20008b4e250,cdr.csv
CDR00321,+919648877190,+919044997278,2026-08-13T14:24:00,280,MO,voice,067974034471340,404865655125674,4531,77154,30.65366,76.74159,999268045b296d44c07092e353ec4dddcfb891e05aece3ba8ed0984da8cc0330,832279ccb407938aa069e20008b4e250,cdr.csv
CDR00322,+917859770348,+917053315869,2026-08-13T13:32:00,254,MO,voice,477109324808614,404451712748467,1672,68947,30.74909,76.7586,2a31f2db42be26bf2d1eeab4a44f07b4c089095732f8d1ce0ce3c30ba4003969,832279ccb407938aa069e20008b4e250,cdr.csv
CDR00323,+919044997278,+918024994717,2026-08-13T22:25:00,100,MO,voice,558867533963601,404497662702895,8682,67961,30.71577,76.78556,31cbc84ed0b68e770b4376f7e6d1619b5f0932254bc728c311280f0a888ca6f4,832279ccb407938aa069e20008b4e250,cdr.csv
CDR00324,+919044997278,+919648877190,2026-08-13T16:15:00,276,MT,voice,558867533963601,404497662702895,7947,73656,30.71285,76.7397,1e7e01cff4b213e9627c31f98fecaf9775106ea720f4acb1cd6b709b317e9875,832279ccb407938aa069e20008b4e250,cdr.csv
CDR00325,+919044997278,+916271937452,2026-08-13T19:56:00,35,MT,voice,558867533963601,404497662702895,8682,67961,30.71577,76.78556,b1ec3e192d33e0b02bc9f39a2602ba4d8763c13b2cc6c2dc509d47a6b652dd84,832279ccb407938aa069e20008b4e250,cdr.csv
CDR00326,+916611724005,+917787133150,2026-08-13T09:46:00,215,MO,voice,158657809134318,404452858842474,8601,83889,30.73119,76.74387,ea40c1ad8a8bbe2daecf5cdedc01068ae68ca5528c69742b24c716391c29c5b2,832279ccb407938aa069e20008b4e250,cdr.csv
CDR00327,+916611724005,+916081219136,2026-08-13T20:19:00,329,MT,voice,158657809134318,404452858842474,8682,67961,30.71577,76.78556,80986ce7d3cbbd7d61fd33cf6ab57fca9be49bd4f654ccb7112bc9bde5a63a69,832279ccb407938aa069e20008b4e250,cdr.csv
CDR00328,+916611724005,+918738721489,2026-08-13T11:37:00,297,MO,voice,158657809134318,404452858842474,8682,67961,30.71577,76.78556,f5090f390fb0807e5d4a662b2e23257821e90ea871d35c3d7a04f67a50afb86d,832279ccb407938aa069e20008b4e250,cdr.csv
CDR00329,+916611724005,+917709521456,2026-08-13T11:27:00,94,MO,voice,158657809134318,404452858842474,8601,83889,30.73119,76.74387,10c993b1c15b9697d4dfd1022bffb326db5e1be94a23990c4f0a052096fb5d01,832279ccb407938aa069e20008b4e250,cdr.csv
CDR00330,+917455623869,+917053315869,2026-08-13T17:53:00,94,MO,voice,158657809134318,404491712368516,9691,38197,30.68514,76.74444,27ea5f71dc58af489971c3dc6a0e6c0b0d7f93bda6f67a21d2a6be7b84eaa5fe,832279ccb407938aa069e20008b4e250,cdr.csv
CDR00331,+917221969379,+918094777520,2026-08-13T21:47:00,346,MT,voice,158657809134318,404104817549651,8682,67961,30.71577,76.78556,19f2da811c21384d79f55ff14196ff333c44a1f8a4d8fc0ce7ca271fc3e7cc84,832279ccb407938aa069e20008b4e250,cdr.csv
CDR00332,+917221969379,+917911718227,2026-08-13T11:11:00,33,MT,voice,158657809134318,404104817549651,8601,83889,30.73119,76.74387,a59aeb4ddd343b87e1b47fe698fb731b44d79867d7c6ccb65470d0d018493762,832279ccb407938aa069e20008b4e250,cdr.csv
CDR00333,+917221969379,+918277434873,2026-08-13T14:14:00,371,MO,voice,158657809134318,404104817549651,2391,16895,30.65867,76.78053,f5408b5fe458111445f17b06432f16c66c4b4fc160ff1d583f18b2af56661ad9,832279ccb407938aa069e20008b4e250,cdr.csv
CDR00334,+917221969379,+918671369594,2026-08-13T11:32:00,329,MT,voice,158657809134318,404104817549651,8682,67961,30.71577,76.78556,da2ac99ecc6b9eb8c8e91008614a173b16056d2a2938daacc3699dd5ff923e5e,832279ccb407938aa069e20008b4e250,cdr.csv
CDR00335,+917374740748,+919044997278,2026-08-13T22:30:00,90,MO,voice,158657809134318,404457098593174,8682,67961,30.71577,76.78556,24921578a03f4e8f6da205368750bbc35a5cea5ae92c9caa47f615ff79ca69a0,832279ccb407938aa069e20008b4e250,cdr.csv
CDR00336,+917374740748,+917455623869,2026-08-13T07:59:00,158,MT,voice,158657809134318,404457098593174,2391,16895,30.65867,76.78053,e98bdf70f10229930fb34a3d3e5dfe21acb7c28331e20636e714a2b4a1a058cb,832279ccb407938aa069e20008b4e250,cdr.csv
CDR00337,+917175946474,+918738721489,2026-08-13T09:11:00,244,MT,voice,158657809134318,404861200471138,9691,38197,30.68514,76.74444,1a3e2c485df0c6cb272e5b0a2bacf6559f0834a464e42de69ad3f92254d24604,832279ccb407938aa069e20008b4e250,cdr.csv
CDR00338,+917175946474,+917734670656,2026-08-13T20:25:00,41,MT,voice,158657809134318,404861200471138,9691,38197,30.68514,76.74444,65b7cd91275d4b346510eef9599af975dbc34be839662c67edff6a8cac99df94,832279ccb407938aa069e20008b4e250,cdr.csv
CDR00339,+918671369594,+917709521456,2026-08-13T10:28:00,253,MO,voice,158657809134318,404456758692617,8682,67961,30.71577,76.78556,aa191c6968b05e058dad845476477fcabd4097421aed5d7bc04ccc36fbde019c,832279ccb407938aa069e20008b4e250,cdr.csv
CDR00340,+917064090974,+916784801845,2026-08-13T19:33:00,342,MO,voice,158657809134318,404206405377351,9691,38197,30.68514,76.74444,709b2be2f21577ae3b420678c79adf0528624667976f47afacd552dc93584f93,832279ccb407938aa069e20008b4e250,cdr.csv
CDR00341,+917064090974,+916611724005,2026-08-13T16:49:00,166,MT,voice,158657809134318,404206405377351,8682,67961,30.71577,76.78556,2f3e734e9976db42e2d2a841325460e97a03f55e175d025711ba68e9f7dc21e2,832279ccb407938aa069e20008b4e250,cdr.csv
CDR00342,+917064090974,+916462704828,2026-08-13T11:29:00,350,MT,voice,158657809134318,404206405377351,9307,60394,30.69553,76.75652,2541e44bde7eb4603bd6538a440f7c5fd764c91812ddce8cfd498b4606b42c1f,832279ccb407938aa069e20008b4e250,cdr.csv
CDR00343,+917064090974,+918489638346,2026-08-13T12:49:00,319,MO,voice,158657809134318,404206405377351,8682,67961,30.71577,76.78556,e75bd3b9b8b013bad2c9166efdaa4d45bfa937be736399cd9463ac07f9409e69,832279ccb407938aa069e20008b4e250,cdr.csv
CDR00344,+918953394210,+917341316475,2026-08-13T12:29:00,322,MO,voice,158657809134318,404498506431713,8682,67961,30.71577,76.78556,e1da1f84f2b8db1e8330f233c79476e663075f5801cb4a29f6baa8db4d518f68,832279ccb407938aa069e20008b4e250,cdr.csv
CDR00345,+918953394210,+916271937452,2026-08-13T17:44:00,352,MO,voice,158657809134318,404498506431713,8682,67961,30.71577,76.78556,355859a3674e1829f9281c6aee1f046e86e3135210bb34b5aa018a60c69e6511,832279ccb407938aa069e20008b4e250,cdr.csv
CDR00346,+918953394210,+917957015430,2026-08-13T10:45:00,250,MT,voice,158657809134318,404498506431713,6072,83259,30.6852,76.785,83f67b5cf3a8d02b9b12a1b0b785e8de0aa1e69efcfa4a09420f55b4e219501b,832279ccb407938aa069e20008b4e250,cdr.csv
CDR00347,+918953394210,+919044997278,2026-08-13T12:24:00,301,MT,voice,158657809134318,404498506431713,3248,43491,30.67473,76.7044,741ecd2c335ba0ed09daae910afcc5084a24a6295a33a822b6a1518a90f85481,832279ccb407938aa069e20008b4e250,cdr.csv
CDR00348,+917709521456,+917049451983,2026-08-13T11:10:00,94,MO,voice,158657809134318,404200053293183,8682,67961,30.71577,76.78556,2418a8ac9c78828e491cc980118aa65c0d2d7ba2892145125653a08c8fd48580,832279ccb407938aa069e20008b4e250,cdr.csv
CDR00349,+917709521456,+917455623869,2026-08-13T16:19:00,393,MT,voice,158657809134318,404200053293183,8682,67961,30.71577,76.78556,7db103f71417787103468c19faec8e172aa8718c62e2e1bcacf2427808255737,832279ccb407938aa069e20008b4e250,cdr.csv
CDR00350,+917709521456,+918489638346,2026-08-13T11:12:00,21,MT,voice,158657809134318,404200053293183,2257,94497,30.74371,76.79264,a733024a8c7afb743dbdbe1d40606456437ab48e13b3b97aa69c697055a56ece,832279ccb407938aa069e20008b4e250,cdr.csv
CDR00351,+917529042284,+919104332181,2026-08-13T22:15:00,131,MT,voice,102053950240266,404201177589178,3419,40968,30.65234,76.72072,6b57495edd05137892141c3e518ff4e3240c82584bf5e21a2b74a62f255b9d6d,832279ccb407938aa069e20008b4e250,cdr.csv
CDR00352,+917529042284,+917957015430,2026-08-13T07:15:00,300,MT,voice,102053950240266,404201177589178,6129,85465,30.69151,76.73853,e8440876a8925f8d30e2c0f3b4a8a031a3bafa2f7ead6ec61685dc908e0bb432,832279ccb407938aa069e20008b4e250,cdr.csv
CDR00353,+917529042284,+918738721489,2026-08-13T08:11:00,95,MO,voice,102053950240266,404201177589178,2234,33218,30.75416,76.76535,dee9a791862d3a136fe30dec50ef764ab302bb89d901a94b2ebd57574ea0f976,832279ccb407938aa069e20008b4e250,cdr.csv
CDR00354,+918159212499,+916784801845,2026-08-13T16:21:00,64,MO,voice,698478961183676,404456576615654,9149,66446,30.66108,76.73562,8b2872bd0994ba5ff7c84c3dd36f270588d7cb3fc2bf357091349fdd15feb64d,832279ccb407938aa069e20008b4e250,cdr.csv
CDR00355,+918159212499,+916980841241,2026-08-13T16:39:00,358,MO,voice,698478961183676,404456576615654,6083,54500,30.66659,76.78349,e7965d1a8918d4f2c13a8de061e9125e4a9d99cc8276dafcc3a0fb374edfb915,832279ccb407938aa069e20008b4e250,cdr.csv
CDR00356,+917049451983,+916784801845,2026-08-13T09:49:00,173,MT,voice,731585149368996,404200940244550,3463,53694,30.64978,76.76963,09b3335fdc29764383f35da1ca4576b85f24cbac21802d5528507c537f240d53,832279ccb407938aa069e20008b4e250,cdr.csv
CDR00357,+917049451983,+916489325288,2026-08-13T20:53:00,301,MO,voice,731585149368996,404200940244550,4531,77154,30.65366,76.74159,e227804da61a4f2d317fce66c74455c78959c3f2547db4889e65abed5a49f1e0,832279ccb407938aa069e20008b4e250,cdr.csv
CDR00358,+917049451983,+918489638346,2026-08-13T15:21:00,289,MT,voice,731585149368996,404200940244550,3248,43491,30.67473,76.7044,0b5f4963867fc589fc28ed4ae3a4488596488625539877235b7c5c13e04d83e9,832279ccb407938aa069e20008b4e250,cdr.csv
CDR00359,+919104332181,+918024994717,2026-08-14T09:09:00,324,MO,voice,001338908386376,404204026542351,3842,88957,30.65834,76.7811,ced6c1df3f0644869882435c4d3ca4d7c51349688e836403138641db485bc90c,832279ccb407938aa069e20008b4e250,cdr.csv
CDR00360,+917341316475,+917734670656,2026-08-14T21:46:00,346,MO,voice,553419283276486,404455030564139,9149,66446,30.66108,76.73562,9158c19ccf638af3bbae0c997f19d1759f816d3692d54d5910269bd30516c5a1,832279ccb407938aa069e20008b4e250,cdr.csv
CDR00361,+917341316475,+916462704828,2026-08-14T15:48:00,79,MO,voice,553419283276486,404455030564139,4176,55793,30.68213,76.80499,667fa112a7d19e0e7cebd4c1194df5d3f0a2d12ca4425eb5ae0aa49fbcd31554,832279ccb407938aa069e20008b4e250,cdr.csv
CDR00362,+917341316475,+918671369594,2026-08-14T16:30:00,292,MO,voice,553419283276486,404455030564139,4176,55793,30.68213,76.80499,00f5c1aed8f32334360f03cb0638cb4b76bd3b6af0e939b270d2d01183cfe27b,832279ccb407938aa069e20008b4e250,cdr.csv
CDR00363,+917341316475,+918671369594,2026-08-14T15:09:00,291,MT,voice,553419283276486,404455030564139,8682,67961,30.71577,76.78556,c59fa44ad3d341d194132a05fb8017c305f966bb17bc8d6bbedd10c7ebbd39e0,832279ccb407938aa069e20008b4e250,cdr.csv
CDR00364,+916784801845,+916936183242,2026-08-14T08:06:00,292,MT,voice,287101226916693,404203010310518,6053,15952,30.66646,76.80813,ce0190254c24669c3f46b59dcf959c2aa8afc37c989a691b96c1c477a6fa894d,832279ccb407938aa069e20008b4e250,cdr.csv
CDR00365,+916784801845,+917241904966,2026-08-14T17:17:00,156,MO,voice,287101226916693,404203010310518,1897,11007,30.66453,76.80344,e9f748d8f6e1879958fe3b72cf844f270b3283e26064a370a815077aefd573a9,832279ccb407938aa069e20008b4e250,cdr.csv
CDR00366,+916784801845,+916611724005,2026-08-14T21:49:00,365,MO,voice,287101226916693,404203010310518,1897,11007,30.66453,76.80344,19798401b5b2dc6ee34ab065d4e496d9f24000859f1d636ec8329732280df65a,832279ccb407938aa069e20008b4e250,cdr.csv
CDR00367,+916784801845,+916569816934,2026-08-14T17:43:00,373,MO,voice,287101226916693,404203010310518,4770,75570,30.70705,76.77017,443106a55e31262df9ccdca60542fd717f9e6cd73aef387b419dca40b9574cdd,832279ccb407938aa069e20008b4e250,cdr.csv
CDR00368,+916462704828,+916489325288,2026-08-14T07:26:00,70,MO,voice,287101226916693,404454738299737,4770,75570,30.70705,76.77017,4fc0a4c15074d49aa3f98adb33eebd7b40af3a535475f47d56e06e13541f4efb,832279ccb407938aa069e20008b4e250,cdr.csv
CDR00369,+916489325288,+918701436349,2026-08-14T15:12:00,37,MO,voice,287101226916693,404863116566701,4770,75570,30.70705,76.77017,3e7414e66b790588fb3aabd2b9ae53b893813fec065ffbff3f725e3f4b6a426e,832279ccb407938aa069e20008b4e250,cdr.csv
CDR00370,+916489325288,+918738721489,2026-08-14T10:45:00,81,MO,voice,287101226916693,404863116566701,4770,75570,30.70705,76.77017,e4a63d6e4307f04a4fff32c841ad8d2b7231daecf752b4216a3a5f2647776eba,832279ccb407938aa069e20008b4e250,cdr.csv
CDR00371,+917957015430,+917049451983,2026-08-14T12:57:00,76,MO,voice,287101226916693,404106513338726,6053,15952,30.66646,76.80813,542298e489f1389c49ad3ffe3a27c0f680dddc864c7bae721ed3fb81de2bd212,832279ccb407938aa069e20008b4e250,cdr.csv
CDR00372,+917957015430,+916489325288,2026-08-14T21:59:00,161,MT,voice,287101226916693,404106513338726,4770,75570,30.70705,76.77017,0c1803fbd5695b80c1e7c09def540ac72d8fd3e4750626177213b3178c2cad2f,832279ccb407938aa069e20008b4e250,cdr.csv
CDR00373,+917957015430,+916271937452,2026-08-14T12:49:00,57,MT,voice,287101226916693,404106513338726,6053,15952,30.66646,76.80813,543eefe7c462ef58ade562a6f1fcd914521039617bc07af005eb410c1a6cb820,832279ccb407938aa069e20008b4e250,cdr.csv
CDR00374,+917957015430,+919044997278,2026-08-14T17:03:00,152,MT,voice,287101226916693,404106513338726,4770,75570,30.70705,76.77017,c91fce92f391dd35baf17abe6a3e91df8d58821041772347f801dd06860815ee,832279ccb407938aa069e20008b4e250,cdr.csv
CDR00375,+917911718227,+916569816934,2026-08-14T19:11:00,350,MT,voice,287101226916693,404454731781080,4084,52143,30.7126,76.75016,c43d2c03ae46be80d4af04c772c193f40c0bb01e43e2f253ca2f794d3ce55f5e,832279ccb407938aa069e20008b4e250,cdr.csv
CDR00376,+917911718227,+917221969379,2026-08-14T13:39:00,349,MO,voice,287101226916693,404454731781080,4770,75570,30.70705,76.77017,f680af79c3e88f5edd718d3fa487d8988305b0f3f84efc58c5a06eef0387c61c,832279ccb407938aa069e20008b4e250,cdr.csv
CDR00377,+917911718227,+916784801845,2026-08-14T09:04:00,312,MT,voice,287101226916693,404454731781080,4770,75570,30.70705,76.77017,83806112691b93d33a2607f0cc1ac9e8c779dca5e79850db76d3d7341db98492,832279ccb407938aa069e20008b4e250,cdr.csv
CDR00378,+918489638346,+916081219136,2026-08-14T07:59:00,39,MT,voice,287101226916693,404103267736026,4770,75570,30.70705,76.77017,e8f7e087c1460ca0c2e7e1dbd93caeccd0e2ad717096df7e370507fc64d4f9d2,832279ccb407938aa069e20008b4e250,cdr.csv
CDR00379,+918489638346,+916611724005,2026-08-14T07:32:00,382,MT,voice,287101226916693,404103267736026,6053,15952,30.66646,76.80813,1590d9c6b0a10f672e22691e0d86a0c16e74e2db4f6b232dc8d995e0feaafcbb,832279ccb407938aa069e20008b4e250,cdr.csv
CDR00380,+918489638346,+916489325288,2026-08-14T14:00:00,216,MT,voice,287101226916693,404103267736026,4084,52143,30.7126,76.75016,201f73de7b72bc0721a24c9b1b90a3dd9b648d420866f1c1b40106cd42148b51,832279ccb407938aa069e20008b4e250,cdr.csv
CDR00381,+918489638346,+919648877190,2026-08-14T17:43:00,175,MT,voice,287101226916693,404103267736026,7333,47243,30.67024,76.79219,ba2e4dd8f385cba016a1913d24a31f53231c839abe26caf7d5e543db877aa0e3,832279ccb407938aa069e20008b4e250,cdr.csv
CDR00382,+917787133150,+917859770348,2026-08-14T17:05:00,255,MT,voice,287101226916693,404106474687234,4770,75570,30.70705,76.77017,50ccdaa8d25874baab5bdac9089d8ce8090b507184b18e4bd02616fbeafa32c0,832279ccb407938aa069e20008b4e250,cdr.csv
CDR00383,+916081219136,+919044997278,2026-08-14T13:19:00,376,MT,voice,939909169985432,404493462475107,2013,69050,30.65242,76.7979,229cf5a3ab4922f755c19451928add940f731284da6febce1a8fd3bc6561b93a,832279ccb407938aa069e20008b4e250,cdr.csv
CDR00384,+916980841241,+917064090974,2026-08-14T09:56:00,343,MT,voice,824493534874017,404864005242786,9624,22249,30.71752,76.74081,d889079f219d956233ff742f098bfa7a980843b15e318372e505276569206cf1,832279ccb407938aa069e20008b4e250,cdr.csv
CDR00385,+916980841241,+916784801845,2026-08-14T13:01:00,388,MO,voice,824493534874017,404864005242786,9624,22249,30.71752,76.74081,162c24e7e4a039c1171cf7de576ba091a78e43ad6e3789505394642e034bf36a,832279ccb407938aa069e20008b4e250,cdr.csv
CDR00386,+916980841241,+917529042284,2026-08-14T16:31:00,293,MT,voice,824493534874017,404864005242786,9624,22249,30.71752,76.74081,908b330828f2cdf137f7a44d1560ddc6d5d222b2916553fef2291f5a27d4d200,832279ccb407938aa069e20008b4e250,cdr.csv
CDR00387,+917053315869,+918024994717,2026-08-14T08:21:00,389,MO,voice,322602563421605,404863375433036,6053,15952,30.66646,76.80813,23db1bc6e86a70980ce342a6983d44c2114494e757532d619b33f6b50e96ada1,832279ccb407938aa069e20008b4e250,cdr.csv
CDR00388,+916569816934,+917529042284,2026-08-14T11:47:00,316,MO,voice,608835615951489,404496564823662,7421,26901,30.7114,76.80256,d0fc3373ef5401efc26a6928c82687df7d210dd3bfc5a2d1935b4419ad6f02b2,832279ccb407938aa069e20008b4e250,cdr.csv
CDR00389,+916569816934,+916081219136,2026-08-14T22:41:00,29,MT,voice,608835615951489,404496564823662,9624,22249,30.71752,76.74081,18c299e2d4423aecbf93db6c88ee578e30b01f65d3a0a99ccd6d1ecabe4b073d,832279ccb407938aa069e20008b4e250,cdr.csv
CDR00390,+916569816934,+916784801845,2026-08-14T14:44:00,352,MO,voice,608835615951489,404496564823662,6482,18639,30.67956,76.75696,d847b1a6affb68012c0ace4dd0b170c594cafd6d7ca9afb5c64251fd00fd6f6f,832279ccb407938aa069e20008b4e250,cdr.csv
CDR00391,+916569816934,+916462704828,2026-08-14T16:52:00,69,MT,voice,608835615951489,404496564823662,3578,58503,30.6774,76.72893,3415c48e14a4abcb9e93d5d2e47149a4959ba8d26d90722d4a10e45fb7aad63c,832279ccb407938aa069e20008b4e250,cdr.csv
CDR00392,+918738721489,+917911718227,2026-08-14T10:31:00,324,MO,voice,134332003791762,404203676320163,4770,75570,30.70705,76.77017,8fd63b8b9d1952c992bdbadda92c27f9f942bcbdb839c6a6f205e1c3c402a8a1,832279ccb407938aa069e20008b4e250,cdr.csv
CDR00393,+918277434873,+918024994717,2026-08-14T19:20:00,81,MO,voice,714345581223625,404451665876036,2013,69050,30.65242,76.7979,758400aaf47b1842cb3429ef290ecdee34cf5b8d9a5ad91970b3330e32bd2870,832279ccb407938aa069e20008b4e250,cdr.csv
CDR00394,+918277434873,+918738721489,2026-08-14T08:37:00,108,MT,voice,714345581223625,404451665876036,6321,32527,30.73616,76.76418,db4a2d651cc351e18c54200bea77a8cdde6e760d95279773131c00bff4e3c2f3,832279ccb407938aa069e20008b4e250,cdr.csv
CDR00395,+918277434873,+916081219136,2026-08-14T20:10:00,376,MT,voice,714345581223625,404451665876036,6928,21551,30.69241,76.7027,2efe333978ee519c4fcc6fbd8b69905e5e94c0dedf2912be660f2efb8a43eecc,832279ccb407938aa069e20008b4e250,cdr.csv
CDR00396,+918277434873,+917734670656,2026-08-14T08:08:00,71,MT,voice,714345581223625,404451665876036,8682,67961,30.71577,76.78556,1bc02cca2c57aacc59e7e06025f30419ec282d82e42e56ee008e6ec6f96a50d6,832279ccb407938aa069e20008b4e250,cdr.csv
CDR00397,+917734670656,+917957015430,2026-08-14T07:00:00,111,MO,voice,729806990162729,404104653755646,4770,75570,30.70705,76.77017,1f903bb82b5570cc908a0c5d20d98ef883d84af1dd2a3e3512540b45496de10b,832279ccb407938aa069e20008b4e250,cdr.csv
CDR00398,+917734670656,+918701436349,2026-08-14T20:44:00,263,MO,voice,729806990162729,404104653755646,3842,88957,30.65834,76.7811,f49d2d3bbc38a8446575d7ad324a8438d3924890ad486a0cca6c965057da97e1,832279ccb407938aa069e20008b4e250,cdr.csv
CDR00399,+917734670656,+917241904966,2026-08-14T21:26:00,142,MO,voice,729806990162729,404104653755646,6129,85465,30.69151,76.73853,3881ed2ba514d0ed71b970801efc6d1b22a008fbdd7a46cd1556bc6f45e0c4b3,832279ccb407938aa069e20008b4e250,cdr.csv
CDR00400,+917734670656,+917053315869,2026-08-14T22:39:00,65,MT,voice,729806990162729,404104653755646,6129,85465,30.69151,76.73853,e25f9af493a56d3d1f23e4d5b3ee38fc3a575f29085ef65617cebb10d69ad682,832279ccb407938aa069e20008b4e250,cdr.csv
CDR00401,+916271937452,+916569816934,2026-08-14T10:33:00,68,MT,voice,193149190586514,404208776945314,1920,56129,30.70088,76.72725,241af5329b861a4fabebf4ffbc42b6e2291b8c89f47412fdabdffee25d7cd7b2,832279ccb407938aa069e20008b4e250,cdr.csv
CDR00402,+916271937452,+918953394210,2026-08-14T14:29:00,340,MO,voice,193149190586514,404208776945314,6731,50662,30.75612,76.77382,4fa1ccd9257f54567457de898f9f2031c7d0f3fc562c81e06bfcdcfcd7e7ee2c,832279ccb407938aa069e20008b4e250,cdr.csv
CDR00403,+917241904966,+916081219136,2026-08-14T22:31:00,110,MO,voice,850671657262845,404863799650752,6731,50662,30.75612,76.77382,b9dc3c28fd83abf40795e5ec8d53a9c9d7b51fd7233e062c6d2e0370c8694c63,832279ccb407938aa069e20008b4e250,cdr.csv
CDR00404,+918701436349,+917859770348,2026-08-14T16:13:00,242,MT,voice,788568557444310,404455182337498,7697,54350,30.72147,76.69628,f70057fa821b911dcc7ab524383df8128e43658e14575986f829eee22f99c940,832279ccb407938aa069e20008b4e250,cdr.csv
CDR00405,+918094777520,+916784801845,2026-08-14T10:47:00,46,MO,voice,711671902294137,404108699938677,6053,15952,30.66646,76.80813,023b3fb7f1c21f5d10aca152341e9ecc013d1582bddef9131e32ed70a9a153af,832279ccb407938aa069e20008b4e250,cdr.csv
CDR00406,+918094777520,+917064090974,2026-08-14T10:04:00,140,MT,voice,711671902294137,404108699938677,6053,15952,30.66646,76.80813,b7e5246ec2e5b5495687800caba951c37fb072e27a8df71da7176585251a0f0c,832279ccb407938aa069e20008b4e250,cdr.csv
CDR00407,+918094777520,+917455623869,2026-08-14T13:47:00,366,MT,voice,711671902294137,404108699938677,6053,15952,30.66646,76.80813,380590173a7af157aaa035dfafbe61b2a67509a3390b4b6d2265243c726797eb,832279ccb407938aa069e20008b4e250,cdr.csv
CDR00408,+918094777520,+916936183242,2026-08-14T14:06:00,141,MT,voice,711671902294137,404108699938677,2391,16895,30.65867,76.78053,3b234a74cb620dac01ac720a6adbd82be60d3f218b95903b0d5e04812904dc09,832279ccb407938aa069e20008b4e250,cdr.csv
CDR00409,+916936183242,+916489325288,2026-08-14T22:37:00,268,MO,voice,067974034471340,404499401399049,3419,40968,30.65234,76.72072,e729009238dead0572f0405305c8fe7751717ba1fd6667a8537e0bb0ffb12c79,832279ccb407938aa069e20008b4e250,cdr.csv
CDR00410,+916936183242,+918738721489,2026-08-14T21:11:00,218,MT,voice,067974034471340,404499401399049,4084,52143,30.7126,76.75016,a549d7664cadc60c044d2af2c35b61bcdbefe0275073f762a16e45aca88051d1,832279ccb407938aa069e20008b4e250,cdr.csv
CDR00411,+918024994717,+919648877190,2026-08-14T15:12:00,191,MO,voice,067974034471340,404102787429671,6626,21053,30.70055,76.71071,5baf5b8b35c56002f001ffafe2df20bd7ef20e3f48e6db3a587aabde97886a12,832279ccb407938aa069e20008b4e250,cdr.csv
CDR00412,+918024994717,+916462704828,2026-08-14T15:08:00,76,MT,voice,067974034471340,404102787429671,3419,40968,30.65234,76.72072,cee4c0f4c6010f6d1b7682f4a6fec02077404802e2ca630d208fa201868fbefd,832279ccb407938aa069e20008b4e250,cdr.csv
CDR00413,+919648877190,+918277434873,2026-08-14T16:38:00,100,MO,voice,067974034471340,404865655125674,3093,97833,30.72434,76.80365,2939daec20736091dfe31e70dfb4c37f6862091f5fcddd47b2a6e448316c4c6d,832279ccb407938aa069e20008b4e250,cdr.csv
CDR00414,+919648877190,+918277434873,2026-08-14T09:26:00,287,MT,voice,067974034471340,404865655125674,3419,40968,30.65234,76.72072,34f5e72bcc9e2d9daf37ac88bb5ad15fc0478d6f68068eacad8f21d2ad480968,832279ccb407938aa069e20008b4e250,cdr.csv
CDR00415,+919648877190,+918671369594,2026-08-14T21:17:00,27,MT,voice,067974034471340,404865655125674,3419,40968,30.65234,76.72072,1817a90fdf873ad5ca6ccbbaca0bcbb5f08f2034b5e29fb69156664aa1247e21,832279ccb407938aa069e20008b4e250,cdr.csv
CDR00416,+917859770348,+916936183242,2026-08-14T20:37:00,133,MO,voice,477109324808614,404451712748467,6928,21551,30.69241,76.7027,4188465f2ed69bda5f9d29deb4cebca8ce4a398f45377a2332e5c5f87301a02e,832279ccb407938aa069e20008b4e250,cdr.csv
CDR00417,+917859770348,+917455623869,2026-08-14T08:02:00,260,MO,voice,477109324808614,404451712748467,3248,43491,30.67473,76.7044,85439b4ca387c6b43efe9d334dd436c2f28dd092d7be40ea7c1b7ce3508fe02f,832279ccb407938aa069e20008b4e250,cdr.csv
CDR00418,+919044997278,+917911718227,2026-08-14T21:31:00,143,MO,voice,558867533963601,404497662702895,8682,67961,30.71577,76.78556,cd3f20f568d89233ae19961caaae4e1207b2378249d26b656c808df425f70a66,832279ccb407938aa069e20008b4e250,cdr.csv
CDR00419,+919044997278,+917455623869,2026-08-14T13:08:00,203,MT,voice,558867533963601,404497662702895,8682,67961,30.71577,76.78556,b7d975d4ed1aedfb7f4ebd7ac9a9baa55a17a43a15246d11c0228abf84b0bbf9,832279ccb407938aa069e20008b4e250,cdr.csv
CDR00420,+919044997278,+917341316475,2026-08-14T22:42:00,176,MO,voice,558867533963601,404497662702895,8147,12456,30.69517,76.69934,cbe42a17a4e343a1700681232e09e45f58c7ba5dfbfbc58ce94325c88da8d6a9,832279ccb407938aa069e20008b4e250,cdr.csv
CDR00421,+919044997278,+917049451983,2026-08-14T07:29:00,257,MO,voice,558867533963601,404497662702895,1897,11007,30.66453,76.80344,9bf446f5dea37ef299b308e21bbf14328a9d2d9ed7837fe54024e7d3a418edcd,832279ccb407938aa069e20008b4e250,cdr.csv
CDR00422,+916611724005,+917859770348,2026-08-14T21:45:00,344,MO,voice,158657809134318,404452858842474,8682,67961,30.71577,76.78556,23996a64d15d9a86c0e8fead0b537cf9dc3ce7a8d87f1f19a064d15ed196e393,832279ccb407938aa069e20008b4e250,cdr.csv
CDR00423,+916611724005,+919044997278,2026-08-14T17:33:00,36,MT,voice,158657809134318,404452858842474,8682,67961,30.71577,76.78556,20179e8990143cc7e7fade4f25dc6a88e3bbff2298b570d6f8ab3a3f62b791bc,832279ccb407938aa069e20008b4e250,cdr.csv
CDR00424,+917455623869,+917957015430,2026-08-14T17:47:00,48,MT,voice,158657809134318,404491712368516,8682,67961,30.71577,76.78556,241eae59563f174b659a98a758e8faecb8acb199925c3da3a1a2e8bae8179e25,832279ccb407938aa069e20008b4e250,cdr.csv
CDR00425,+917455623869,+919044997278,2026-08-14T18:29:00,336,MO,voice,158657809134318,404491712368516,8682,67961,30.71577,76.78556,1eb05c4dec2be7c74bec0a7ff1cb1c2cdb098c8e2bee0523b7e9ac802153696d,832279ccb407938aa069e20008b4e250,cdr.csv
CDR00426,+917221969379,+918159212499,2026-08-14T13:08:00,191,MO,voice,158657809134318,404104817549651,2391,16895,30.65867,76.78053,50233ba35eb58f7a7a6097be4cde4aae027b7f429e0daf18abf5e9fb3307ab10,832279ccb407938aa069e20008b4e250,cdr.csv
CDR00427,+917374740748,+918738721489,2026-08-14T14:20:00,200,MT,voice,158657809134318,404457098593174,9691,38197,30.68514,76.74444,74f1e200cbefb63f799b08f050807cad016afd3f6b33fee13e6228769c3693bd,832279ccb407938aa069e20008b4e250,cdr.csv
CDR00428,+917374740748,+917241904966,2026-08-14T08:04:00,210,MT,voice,158657809134318,404457098593174,8601,83889,30.73119,76.74387,4656fddb236c234b27b013160c2c836eeb7df1a996529be7765e4b2f5c72e563,832279ccb407938aa069e20008b4e250,cdr.csv
CDR00429,+917374740748,+917709521456,2026-08-14T10:30:00,383,MT,voice,158657809134318,404457098593174,8682,67961,30.71577,76.78556,a4b8c095cc45972583a35dfe21241dba5de92b15a20f17e7761d84dedb5bdc1e,832279ccb407938aa069e20008b4e250,cdr.csv
CDR00430,+917374740748,+916489325288,2026-08-14T13:57:00,254,MO,voice,158657809134318,404457098593174,9149,66446,30.66108,76.73562,249186d1a5e5f5d00bec891bd85ee6489ef04594e37a77c2c019f09ff007d6fe,832279ccb407938aa069e20008b4e250,cdr.csv
CDR00431,+917175946474,+916489325288,2026-08-14T10:10:00,161,MO,voice,158657809134318,404861200471138,9691,38197,30.68514,76.74444,f775d47c64add1cd56e1338013f0679bd91641e2d21c3872bee5b925efc0b72a,832279ccb407938aa069e20008b4e250,cdr.csv
CDR00432,+917175946474,+916081219136,2026-08-14T13:33:00,341,MO,voice,158657809134318,404861200471138,2391,16895,30.65867,76.78053,da54609c303de3bc85e768a99a65811ebe268ce1ace20497c4dcab52c84d37c5,832279ccb407938aa069e20008b4e250,cdr.csv
CDR00433,+917175946474,+917529042284,2026-08-14T11:30:00,197,MT,voice,158657809134318,404861200471138,2391,16895,30.65867,76.78053,dd77aec9b230ef44f9889de26266609df3c895a1dfb8e97ec805359281c9945b,832279ccb407938aa069e20008b4e250,cdr.csv
CDR00434,+918671369594,+918701436349,2026-08-14T13:04:00,31,MO,voice,158657809134318,404456758692617,8601,83889,30.73119,76.74387,1db36b9b5dd6c82d52f80bfaca0d2deceb71a4a82f9f986a2a20bc193875dd1e,832279ccb407938aa069e20008b4e250,cdr.csv
CDR00435,+917064090974,+917455623869,2026-08-14T17:41:00,350,MT,voice,158657809134318,404206405377351,2391,16895,30.65867,76.78053,5b6ef212ff134a914a7c6acce917b285a295c57e136c1885d25064bb395fbac2,832279ccb407938aa069e20008b4e250,cdr.csv
CDR00436,+917064090974,+917709521456,2026-08-14T21:29:00,175,MO,voice,158657809134318,404206405377351,8682,67961,30.71577,76.78556,a0f8b70ae4745bfce1cb1a30b4551c6d0955f0a8a552059e6ac1779e8a115458,832279ccb407938aa069e20008b4e250,cdr.csv
CDR00437,+917064090974,+916980841241,2026-08-14T15:14:00,267,MT,voice,158657809134318,404206405377351,8682,67961,30.71577,76.78556,abf8756a74631799647ebb6bf0d7d3bd17eccabb768dad20922928c2fc64e132,832279ccb407938aa069e20008b4e250,cdr.csv
CDR00438,+918953394210,+919648877190,2026-08-14T16:29:00,105,MO,voice,158657809134318,404498506431713,8682,67961,30.71577,76.78556,e1c5126db9e17c176f92f4f09db55e97256a35d87b10422282f8654fcf8374bb,832279ccb407938aa069e20008b4e250,cdr.csv
CDR00439,+918953394210,+917053315869,2026-08-14T12:53:00,382,MO,voice,158657809134318,404498506431713,8682,67961,30.71577,76.78556,882c77a63e370c627c31c12db4cc7ec69681e8aef7e84c7d649e13bb8d3a0b6d,832279ccb407938aa069e20008b4e250,cdr.csv
CDR00440,+917709521456,+916936183242,2026-08-14T11:28:00,153,MT,voice,158657809134318,404200053293183,8601,83889,30.73119,76.74387,548c317f4b2ef9d09661dee10bbb0ea32f483876d4a7bf89b92102417535d9b5,832279ccb407938aa069e20008b4e250,cdr.csv
CDR00441,+917529042284,+916936183242,2026-08-14T18:09:00,210,MT,voice,102053950240266,404201177589178,2234,33218,30.75416,76.76535,2c958b9b5ea0ecbfbedbc8743091355244aaf8677ef891ad7c5df95315212cdb,832279ccb407938aa069e20008b4e250,cdr.csv
CDR00442,+918159212499,+918489638346,2026-08-14T07:25:00,275,MO,voice,698478961183676,404456576615654,3419,40968,30.65234,76.72072,b5310f3b4716f03ff697c8a4f738aacaa9fea99f5225f264545c7432ca6db812,832279ccb407938aa069e20008b4e250,cdr.csv
CDR00443,+918159212499,+916081219136,2026-08-14T07:47:00,299,MT,voice,698478961183676,404456576615654,3419,40968,30.65234,76.72072,39627d8988f056b53206dca37340d1aad80b7a43fd8d062ca965a6827ff349c2,832279ccb407938aa069e20008b4e250,cdr.csv
CDR00444,+918159212499,+918671369594,2026-08-14T16:48:00,313,MO,voice,698478961183676,404456576615654,9691,38197,30.68514,76.74444,1b2b19306efb061e334b0db0d6751d5e8832985440e3376b26ef96717207a3e9,832279ccb407938aa069e20008b4e250,cdr.csv
CDR00445,+917049451983,+918489638346,2026-08-14T22:57:00,40,MO,voice,731585149368996,404200940244550,4531,77154,30.65366,76.74159,fb070044a4a0958b468dfca6714dab21cd5efbf5c726820141c246ab8dc198e9,832279ccb407938aa069e20008b4e250,cdr.csv
CDR00446,+917049451983,+918094777520,2026-08-14T07:25:00,336,MO,voice,731585149368996,404200940244550,4531,77154,30.65366,76.74159,f8e0bacefcfd83461fcd20f5fa239e9168924ff5cad03ae5461d067111ba51d3,832279ccb407938aa069e20008b4e250,cdr.csv
CDR00447,+917049451983,+916936183242,2026-08-14T08:38:00,348,MO,voice,731585149368996,404200940244550,4531,77154,30.65366,76.74159,beec2ea9ff771425a38aede0f83d75f4503e5f405d283e7e6414da5416ca75ec,832279ccb407938aa069e20008b4e250,cdr.csv
CDR00448,+919104332181,+917064090974,2026-08-15T07:03:00,62,MT,voice,001338908386376,404204026542351,3419,40968,30.65234,76.72072,f1e0084d311475c759dd26878886e27169272331d9d8fee2e07b62aee83c108b,832279ccb407938aa069e20008b4e250,cdr.csv
CDR00449,+917341316475,+917859770348,2026-08-15T09:25:00,390,MO,voice,553419283276486,404455030564139,9307,60394,30.69553,76.75652,3768f372a236816bbafa80e559e2269a490d76ecd589a3e38e29604cf5e7a14f,832279ccb407938aa069e20008b4e250,cdr.csv
CDR00450,+917341316475,+918953394210,2026-08-15T10:33:00,360,MT,voice,553419283276486,404455030564139,9149,66446,30.66108,76.73562,37fa9a2565ee31da0717dba5ccd1da8dd0bd143b1434fd5ce0cfe1d27256b29f,832279ccb407938aa069e20008b4e250,cdr.csv
CDR00451,+917341316475,+917734670656,2026-08-15T10:49:00,180,MT,voice,553419283276486,404455030564139,4176,55793,30.68213,76.80499,dac2a5206488bb6eb6b7fb09fe4cebb9ac4d27fd3d38405ff0c9aebd04ffae35,832279ccb407938aa069e20008b4e250,cdr.csv
CDR00452,+917341316475,+917734670656,2026-08-15T20:13:00,93,MO,voice,553419283276486,404455030564139,9149,66446,30.66108,76.73562,c7c01744a3dde8e3f8c3c23eeb84677f3fd07e4d456af6bb39bfa220e78d0984,832279ccb407938aa069e20008b4e250,cdr.csv
CDR00453,+916784801845,+917455623869,2026-08-15T15:55:00,321,MO,voice,287101226916693,404203010310518,4770,75570,30.70705,76.77017,590ec3d64377ce85cdee7ec3aa9267fd85e2790d937b27ee0bd0b942d278f4bc,832279ccb407938aa069e20008b4e250,cdr.csv
CDR00454,+916784801845,+918489638346,2026-08-15T17:34:00,236,MT,voice,287101226916693,404203010310518,4770,75570,30.70705,76.77017,8b5c0048adce0c1a40acd61a52ac0f855aeef04543e553f55650b189a07facce,832279ccb407938aa069e20008b4e250,cdr.csv
CDR00455,+916784801845,+916081219136,2026-08-15T18:30:00,386,MT,voice,287101226916693,404203010310518,4770,75570,30.70705,76.77017,cf3091fed1e205a4bf63ca20c9ed123b2a498790f20dc13186613a1523534541,832279ccb407938aa069e20008b4e250,cdr.csv
CDR00456,+916462704828,+917734670656,2026-08-15T15:35:00,216,MT,voice,287101226916693,404454738299737,4770,75570,30.70705,76.77017,ebb69e21d3872fa3df58591fd8cbe2f904eeefd031dc09a662d54f614da81b98,832279ccb407938aa069e20008b4e250,cdr.csv
CDR00457,+916489325288,+917529042284,2026-08-15T14:54:00,246,MT,voice,287101226916693,404863116566701,2234,33218,30.75416,76.76535,08e2f6fa8165267f0e1d6b523d52faf685b63ae15011fa1dcba7b0cc402ba820,832279ccb407938aa069e20008b4e250,cdr.csv
CDR00458,+917957015430,+918094777520,2026-08-15T09:59:00,140,MT,voice,287101226916693,404106513338726,4770,75570,30.70705,76.77017,a2f96d07690a0daf514027685133dd59cc73378fa871b00f6a7fb64e64d06d74,832279ccb407938aa069e20008b4e250,cdr.csv
CDR00459,+917957015430,+917374740748,2026-08-15T17:56:00,349,MT,voice,287101226916693,404106513338726,4770,75570,30.70705,76.77017,3e59fc558f3b4be3d162c8c7e1bb56e27c2736e755b096a6501621ed70fbb8e9,832279ccb407938aa069e20008b4e250,cdr.csv
CDR00460,+917911718227,+918671369594,2026-08-15T20:59:00,190,MT,voice,287101226916693,404454731781080,4770,75570,30.70705,76.77017,e0109c29b51cae712e161dc7ef0b0dd7ad6ae97b558dc2d05a1da9ec266d8bb7,832279ccb407938aa069e20008b4e250,cdr.csv
CDR00461,+917911718227,+916980841241,2026-08-15T15:32:00,53,MT,voice,287101226916693,404454731781080,1897,11007,30.66453,76.80344,f6da745e8c890e574444f8a2042409ede88739c614fa42bc1451f4718a4b26cb,832279ccb407938aa069e20008b4e250,cdr.csv
CDR00462,+917911718227,+916936183242,2026-08-15T21:44:00,34,MO,voice,287101226916693,404454731781080,4770,75570,30.70705,76.77017,27e3648a5010d1215feed99c4c9a3aae0329d608c9589548457e5721af586d5a,832279ccb407938aa069e20008b4e250,cdr.csv
CDR00463,+917911718227,+917374740748,2026-08-15T11:00:00,225,MO,voice,287101226916693,404454731781080,4770,75570,30.70705,76.77017,e77359ee16674f2b96c6517e8b945e3a5b7465506f15fb2025835eabeb2ad572,832279ccb407938aa069e20008b4e250,cdr.csv
CDR00464,+917787133150,+917734670656,2026-08-15T11:54:00,324,MT,voice,287101226916693,404106474687234,4770,75570,30.70705,76.77017,e237266bafc6188dc972933eb323bdea3dea8d14e41533ed2ba50a2b9b7a38a9,832279ccb407938aa069e20008b4e250,cdr.csv
CDR00465,+917787133150,+917374740748,2026-08-15T22:55:00,396,MO,voice,287101226916693,404106474687234,1897,11007,30.66453,76.80344,c8c96c63bf27d17e407ab4a448e3bad00960c4be02d0b29b93ee69fb6fa66dc9,832279ccb407938aa069e20008b4e250,cdr.csv
CDR00466,+916081219136,+918701436349,2026-08-15T13:05:00,232,MT,voice,939909169985432,404493462475107,5640,98895,30.72142,76.7484,7e481b1381243f2aab72e7efedca686ee018c7b3c0f18f23d6c4084bde1a5ab0,832279ccb407938aa069e20008b4e250,cdr.csv
CDR00467,+916081219136,+917049451983,2026-08-15T14:01:00,31,MO,voice,939909169985432,404493462475107,5640,98895,30.72142,76.7484,c4a7a0b8b36f8d12dd6f8df5fb55de83f8ee2d027aeaa0b79410d173b98269c7,832279ccb407938aa069e20008b4e250,cdr.csv
CDR00468,+916081219136,+916569816934,2026-08-15T15:44:00,106,MO,voice,939909169985432,404493462475107,5640,98895,30.72142,76.7484,62b321b602e96a6baa2d681ef05ae2be639245fabacbe2ba44e3cc8752586a40,832279ccb407938aa069e20008b4e250,cdr.csv
CDR00469,+916980841241,+916081219136,2026-08-15T09:23:00,107,MO,voice,824493534874017,404864005242786,1672,68947,30.74909,76.7586,db7380de252258eb7e4b97b8724e6ca6d7164ae208d35ae4bc4b38f752bd4174,832279ccb407938aa069e20008b4e250,cdr.csv
CDR00470,+916980841241,+917221969379,2026-08-15T21:52:00,364,MT,voice,824493534874017,404864005242786,6072,83259,30.6852,76.785,804477e6c8dae7669b5aac3c743055c7cb598ea3efc5c1b9174590922189539c,832279ccb407938aa069e20008b4e250,cdr.csv
CDR00471,+916980841241,+918738721489,2026-08-15T13:55:00,156,MT,voice,824493534874017,404864005242786,3578,58503,30.6774,76.72893,a9384a11e737553efa19aabbf9e1883b1179153adcf32c0ceda08baf72781313,832279ccb407938aa069e20008b4e250,cdr.csv
CDR00472,+917053315869,+917221969379,2026-08-15T13:38:00,130,MT,voice,322602563421605,404863375433036,6053,15952,30.66646,76.80813,7c55a89c3cf3140019200a0c16ebbed9276dae7587d4e7d550b6fc3c2a333c56,832279ccb407938aa069e20008b4e250,cdr.csv
CDR00473,+917053315869,+917455623869,2026-08-15T12:26:00,94,MO,voice,322602563421605,404863375433036,6053,15952,30.66646,76.80813,60aca353163ca4b0a810c47292da7ccd02a0cda8ead6dc024c7de1dbe58dcd4b,832279ccb407938aa069e20008b4e250,cdr.csv
CDR00474,+916569816934,+917374740748,2026-08-15T14:23:00,318,MT,voice,608835615951489,404496564823662,8404,14929,30.64683,76.7898,2575e441ceff40f582f5b53a153b1ac6577c5325b34ec0d2e29714f14a8d9bb1,832279ccb407938aa069e20008b4e250,cdr.csv
CDR00475,+916569816934,+917787133150,2026-08-15T17:44:00,223,MO,voice,608835615951489,404496564823662,8682,67961,30.71577,76.78556,5796adb180ccbc2160197339ae0005b60003fd562acb03aa7aaeae0d91b8ee27,832279ccb407938aa069e20008b4e250,cdr.csv
CDR00476,+918738721489,+916271937452,2026-08-15T09:06:00,305,MO,voice,134332003791762,404203676320163,6129,85465,30.69151,76.73853,a50f3b0570aad4a8394cde37d0f8ca49262892ff04c88fec6266399ce06f6900,832279ccb407938aa069e20008b4e250,cdr.csv
CDR00477,+918738721489,+918671369594,2026-08-15T18:38:00,363,MO,voice,134332003791762,404203676320163,9307,60394,30.69553,76.75652,4fb7259952a58944702e5070a9824a5ee56877cc7e32f6d509130ad3f4881443,832279ccb407938aa069e20008b4e250,cdr.csv
CDR00478,+918738721489,+919044997278,2026-08-15T16:25:00,363,MT,voice,134332003791762,404203676320163,9624,22249,30.71752,76.74081,dad0bb6bf4c1ecee19024b5c326a1c8da8626406b6afe0c09a1f04d77d9a7d5f,832279ccb407938aa069e20008b4e250,cdr.csv
CDR00479,+918738721489,+916784801845,2026-08-15T12:16:00,106,MT,voice,134332003791762,404203676320163,7421,26901,30.7114,76.80256,75f9e4018b5a2b607f664ec72bf52f59e1cdca2d83b44fc7f7e4667494708e0b,832279ccb407938aa069e20008b4e250,cdr.csv
CDR00480,+918277434873,+917957015430,2026-08-15T17:45:00,291,MT,voice,714345581223625,404451665876036,8682,67961,30.71577,76.78556,df4031f91f56ff5c648a4d3dd522a65c7738be6dce58cde823ed34ee4791bca7,832279ccb407938aa069e20008b4e250,cdr.csv
CDR00481,+918277434873,+916936183242,2026-08-15T08:08:00,275,MT,voice,714345581223625,404451665876036,6928,21551,30.69241,76.7027,05bf71144df6fe31239b7e9b586de33db2a7e601be4cd331bc411746c40e8151,832279ccb407938aa069e20008b4e250,cdr.csv
CDR00482,+917734670656,+916271937452,2026-08-15T15:33:00,180,MT,voice,729806990162729,404104653755646,6129,85465,30.69151,76.73853,dda02e53a8e4cd693ba79ebc46f848225189d873fc11e97e38787c44258a753d,832279ccb407938aa069e20008b4e250,cdr.csv
CDR00483,+917734670656,+917064090974,2026-08-15T11:35:00,356,MT,voice,729806990162729,404104653755646,1897,11007,30.66453,76.80344,afa1ab045105b9f36ee356b768eb45a48d68075e0071ca34985ceed5bf2016e6,832279ccb407938aa069e20008b4e250,cdr.csv
CDR00484,+917734670656,+916462704828,2026-08-15T14:11:00,38,MT,voice,729806990162729,404104653755646,3842,88957,30.65834,76.7811,258fc204d283f630b87b3a22c371e5942add6803801411015c081814be823361,832279ccb407938aa069e20008b4e250,cdr.csv
CDR00485,+916271937452,+917221969379,2026-08-15T10:57:00,273,MO,voice,193149190586514,404208776945314,6928,21551,30.69241,76.7027,6b117d1be527a4835072d33832025fd303f164a953f1a7f4529f5674bb144eec,832279ccb407938aa069e20008b4e250,cdr.csv
CDR00486,+916271937452,+918159212499,2026-08-15T22:29:00,272,MO,voice,193149190586514,404208776945314,3842,88957,30.65834,76.7811,0ad0ea8ae759e66d8d43226272ec4a2471e30d3ff6e9824729a1694c45b0bd07,832279ccb407938aa069e20008b4e250,cdr.csv
CDR00487,+916271937452,+916081219136,2026-08-15T10:22:00,67,MO,voice,193149190586514,404208776945314,6731,50662,30.75612,76.77382,cddeb89ed7426dcd43faf3d62dfa0c7447c13a9ec4635eb79db7d10d354f3e58,832279ccb407938aa069e20008b4e250,cdr.csv
CDR00488,+916271937452,+916980841241,2026-08-15T15:36:00,359,MO,voice,193149190586514,404208776945314,6731,50662,30.75612,76.77382,b8122400d8fcdc79d1fb9710b9d5d7c95526fafa2d7cb841f096c27cd158593e,832279ccb407938aa069e20008b4e250,cdr.csv
CDR00489,+917241904966,+917455623869,2026-08-15T09:15:00,275,MO,voice,850671657262845,404863799650752,6731,50662,30.75612,76.77382,54291592d99bcc096672676e6124794fd3a69ada6c709f874bc58f466eec738c,832279ccb407938aa069e20008b4e250,cdr.csv
CDR00490,+917241904966,+918701436349,2026-08-15T10:25:00,211,MO,voice,850671657262845,404863799650752,6731,50662,30.75612,76.77382,d3294c643053c125ffb94a8504a37bd4e04c3834bf42c6cae1d03eb03818a5f6,832279ccb407938aa069e20008b4e250,cdr.csv
CDR00491,+918701436349,+917957015430,2026-08-15T21:53:00,382,MT,voice,788568557444310,404455182337498,9307,60394,30.69553,76.75652,1a50c1076c37910546dfb1d3b67ec5ff188c9e229188783a57a5f3ddd9c8d423,832279ccb407938aa069e20008b4e250,cdr.csv
CDR00492,+918094777520,+918024994717,2026-08-15T08:41:00,338,MT,voice,711671902294137,404108699938677,2257,94497,30.74371,76.79264,9325cbf93c7153229e8f8308599ba29e33eaaad72ec165d0852a918f8619590b,832279ccb407938aa069e20008b4e250,cdr.csv
CDR00493,+916936183242,+918738721489,2026-08-15T08:51:00,349,MT,voice,067974034471340,404499401399049,3419,40968,30.65234,76.72072,894b88daf831c51baf448273e5f9ba9cc649394cbdde00eb218145a265558e1d,832279ccb407938aa069e20008b4e250,cdr.csv
CDR00494,+916936183242,+916489325288,2026-08-15T19:05:00,224,MT,voice,067974034471340,404499401399049,5640,98895,30.72142,76.7484,f7230db3410787d60979a422f3a0d53d40d8bbda1812c289ba2a5278aea12973,832279ccb407938aa069e20008b4e250,cdr.csv
CDR00495,+918024994717,+917957015430,2026-08-15T07:54:00,126,MO,voice,067974034471340,404102787429671,4531,77154,30.65366,76.74159,ce72bcb21b6833e7ae3a017269e38b93cff5ee3c8f1b46e4e9a284b7277e6000,832279ccb407938aa069e20008b4e250,cdr.csv
CDR00496,+918024994717,+918701436349,2026-08-15T11:07:00,172,MT,voice,067974034471340,404102787429671,4084,52143,30.7126,76.75016,db3b75beb6efdc3b3334b7fb64096eb82df290e311176794c5748b422e163f64,832279ccb407938aa069e20008b4e250,cdr.csv
CDR00497,+918024994717,+918094777520,2026-08-15T11:22:00,360,MO,voice,067974034471340,404102787429671,3093,97833,30.72434,76.80365,70622cbaba3d85cbb803ec472fc12ab977a1aeb8a1ae964c554f1ca2f3bd87eb,832279ccb407938aa069e20008b4e250,cdr.csv
CDR00498,+918024994717,+916569816934,2026-08-15T22:28:00,218,MT,voice,067974034471340,404102787429671,3093,97833,30.72434,76.80365,7cfa103697074af1d35c6d6f7a24815ff3f8dfc3d0c20b8837e674046aaf75a7,832279ccb407938aa069e20008b4e250,cdr.csv
CDR00499,+919648877190,+917957015430,2026-08-15T20:51:00,208,MO,voice,067974034471340,404865655125674,4531,77154,30.65366,76.74159,7f8f2a1e38e864ec9732a0848daae0fe95108590d66c82d2534d587d6d32531b,832279ccb407938aa069e20008b4e250,cdr.csv
CDR00500,+919648877190,+917957015430,2026-08-15T08:32:00,194,MT,voice,067974034471340,404865655125674,4084,52143,30.7126,76.75016,dfc70709db0f6daf579e6b8b614a9c9f21e4ded4918ab7ab9164ef81aa934985,832279ccb407938aa069e20008b4e250,cdr.csv
CDR00501,+919648877190,+916081219136,2026-08-15T22:33:00,342,MO,voice,067974034471340,404865655125674,4531,77154,30.65366,76.74159,af15e4de8b9dd637d2dee00f409830ddb29a4793bbe4af57384dfb91c8ea639b,832279ccb407938aa069e20008b4e250,cdr.csv
CDR00502,+919648877190,+917957015430,2026-08-15T22:19:00,96,MO,voice,067974034471340,404865655125674,3419,40968,30.65234,76.72072,35830b7cdafba7f8c569b01985e888402aeaa06a9a00d4dba85948f0323ae961,832279ccb407938aa069e20008b4e250,cdr.csv
CDR00503,+917859770348,+917709521456,2026-08-15T20:18:00,311,MO,voice,477109324808614,404451712748467,6928,21551,30.69241,76.7027,d4bbb67c0f409f9cc010ba1bad92510c4e49f751a31157938b2bd62320b85436,832279ccb407938aa069e20008b4e250,cdr.csv
CDR00504,+917859770348,+918953394210,2026-08-15T10:32:00,237,MT,voice,477109324808614,404451712748467,3463,53694,30.64978,76.76963,77feadd83ce438964a6884f26001ccb1f15f3abb25415deb42f850e1170f5e84,832279ccb407938aa069e20008b4e250,cdr.csv
CDR00505,+919044997278,+919648877190,2026-08-15T15:37:00,61,MO,voice,558867533963601,404497662702895,3463,53694,30.64978,76.76963,271efb53035a1b7130b6a2f5e8b7de46338387e8bcbb748b200c0ca0adf1c34d,832279ccb407938aa069e20008b4e250,cdr.csv
CDR00506,+919044997278,+917175946474,2026-08-15T12:50:00,113,MT,voice,558867533963601,404497662702895,8601,83889,30.73119,76.74387,a3975e6e05eff304580e714b1566b720eec8d118df902c51f35fbebfdb557252,832279ccb407938aa069e20008b4e250,cdr.csv
CDR00507,+919044997278,+918094777520,2026-08-15T17:37:00,390,MT,voice,558867533963601,404497662702895,1897,11007,30.66453,76.80344,35ad6dd10fe6cb15c8e0e28a1d96a92d5b28804cee41936e946d584af92562d8,832279ccb407938aa069e20008b4e250,cdr.csv
CDR00508,+916611724005,+918024994717,2026-08-15T12:13:00,114,MO,voice,158657809134318,404452858842474,8601,83889,30.73119,76.74387,2917527e676b754523fb39f5d2d259186d196d1b5abc236f95a57151c75ebb3a,832279ccb407938aa069e20008b4e250,cdr.csv
CDR00509,+916611724005,+916271937452,2026-08-15T10:27:00,293,MO,voice,158657809134318,404452858842474,5640,98895,30.72142,76.7484,946be76f0654ef79a1a72324aee4f1a86ab8c09badc701fa8bc48df6cf79826e,832279ccb407938aa069e20008b4e250,cdr.csv
CDR00510,+916611724005,+919104332181,2026-08-15T12:41:00,264,MT,voice,158657809134318,404452858842474,2391,16895,30.65867,76.78053,fb0001afeca3db44dc77caf06a920a6b8f29a838bcbf0a6243a17639650d45ae,832279ccb407938aa069e20008b4e250,cdr.csv
CDR00511,+917455623869,+918094777520,2026-08-15T18:44:00,364,MT,voice,158657809134318,404491712368516,8682,67961,30.71577,76.78556,b6232228f78d37f2ada96d5cc116a6bef96a34bbe764213137c7fa93e9d76a62,832279ccb407938aa069e20008b4e250,cdr.csv
CDR00512,+917455623869,+917787133150,2026-08-15T11:00:00,117,MO,voice,158657809134318,404491712368516,2391,16895,30.65867,76.78053,90ee38a1f74833c9c21f354eb3538284cb4fda5e4740481bceb9a041a1860f09,832279ccb407938aa069e20008b4e250,cdr.csv
CDR00513,+917455623869,+916569816934,2026-08-15T07:13:00,266,MO,voice,158657809134318,404491712368516,9691,38197,30.68514,76.74444,cada0b872230ddcbcc3632a3b2d4f6a1de0c985c5d594a45e9c508e96e6c4068,832279ccb407938aa069e20008b4e250,cdr.csv
CDR00514,+917455623869,+917529042284,2026-08-15T13:05:00,174,MT,voice,158657809134318,404491712368516,9691,38197,30.68514,76.74444,eabfd13dbb6e11896d75b4391858ef364a6bb0eaaf9a3d4ebb1500870ddc581b,832279ccb407938aa069e20008b4e250,cdr.csv
CDR00515,+917221969379,+918489638346,2026-08-15T12:57:00,98,MT,voice,158657809134318,404104817549651,9691,38197,30.68514,76.74444,f2e2edf785fc43cf8365e018a252e5db332d169d206793509ef5fe43ca2562c6,832279ccb407938aa069e20008b4e250,cdr.csv
CDR00516,+917175946474,+916569816934,2026-08-15T16:36:00,220,MO,voice,158657809134318,404861200471138,8682,67961,30.71577,76.78556,0f5ccaaef137707c9551777e84960f96807bce7f7e061fee938bf37511b7bf8c,832279ccb407938aa069e20008b4e250,cdr.csv
CDR00517,+917175946474,+917221969379,2026-08-15T20:54:00,273,MT,voice,158657809134318,404861200471138,2234,33218,30.75416,76.76535,6498b393ef211561751be38fd6bcab6366a7aafa0393d4fc6ed6493690eaed78,832279ccb407938aa069e20008b4e250,cdr.csv
CDR00518,+918671369594,+918953394210,2026-08-15T22:14:00,385,MO,voice,158657809134318,404456758692617,9691,38197,30.68514,76.74444,9d5bd8228af209ffe92963e6b29816221b854e12a3a80be071e016f186d63dd0,832279ccb407938aa069e20008b4e250,cdr.csv
CDR00519,+918671369594,+917049451983,2026-08-15T17:35:00,52,MT,voice,158657809134318,404456758692617,9691,38197,30.68514,76.74444,c8501c4dfa370825fc38e4d3a272441c336607442f2248293f089c06a236e123,832279ccb407938aa069e20008b4e250,cdr.csv
CDR00520,+918671369594,+918489638346,2026-08-15T22:39:00,350,MT,voice,158657809134318,404456758692617,9691,38197,30.68514,76.74444,c16715086ee0db3224d1eb704ac122c510530c4fc980785667ea3c69c48269f7,832279ccb407938aa069e20008b4e250,cdr.csv
CDR00521,+917064090974,+916980841241,2026-08-15T16:46:00,118,MT,voice,158657809134318,404206405377351,8682,67961,30.71577,76.78556,814f3dcc0fe1f077525ce7af2e415bb5e185c25868f79c026beabb892c075e98,832279ccb407938aa069e20008b4e250,cdr.csv
CDR00522,+918953394210,+918024994717,2026-08-15T21:08:00,170,MT,voice,158657809134318,404498506431713,2391,16895,30.65867,76.78053,5ec39f9b4debc751d847953ab0adb0e4dae3d007df14625c27c7a095ae1535e1,832279ccb407938aa069e20008b4e250,cdr.csv
CDR00523,+918953394210,+917859770348,2026-08-15T22:51:00,102,MO,voice,158657809134318,404498506431713,2391,16895,30.65867,76.78053,92696f5f0d9d55b9153f510493cc822bcd247cf1355d9cf4449efd61aadaa62f,832279ccb407938aa069e20008b4e250,cdr.csv
CDR00524,+917709521456,+918671369594,2026-08-15T11:11:00,122,MO,voice,158657809134318,404200053293183,8682,67961,30.71577,76.78556,90244010754e4ca85628adf6d25f875fb8706f4b98358733d8e54cf433979703,832279ccb407938aa069e20008b4e250,cdr.csv
CDR00525,+917529042284,+917064090974,2026-08-15T16:15:00,127,MO,voice,102053950240266,404201177589178,2234,33218,30.75416,76.76535,1db9df50b0687c72c04912153deeb52ae6936bd35e254d11e0d4c7c0f965a9ba,832279ccb407938aa069e20008b4e250,cdr.csv
CDR00526,+917529042284,+916271937452,2026-08-15T18:43:00,101,MO,voice,102053950240266,404201177589178,6129,85465,30.69151,76.73853,057b014c71e6697733c4f69e6d982397345c5cb164081cc388f5af704fec1d36,832279ccb407938aa069e20008b4e250,cdr.csv
CDR00527,+917529042284,+916784801845,2026-08-15T09:21:00,240,MO,voice,102053950240266,404201177589178,2234,33218,30.75416,76.76535,5ef7688f456167bb62ad67fa710922f1c4f3fbd5534b253ee6f8fe3f422386b3,832279ccb407938aa069e20008b4e250,cdr.csv
CDR00528,+917529042284,+918159212499,2026-08-15T14:31:00,152,MT,voice,102053950240266,404201177589178,7947,73656,30.71285,76.7397,089b0c663665617fb3f001437243dbf08786c30ebfd4651f56a68695a1da788f,832279ccb407938aa069e20008b4e250,cdr.csv
CDR00529,+917049451983,+916081219136,2026-08-15T10:45:00,45,MT,voice,731585149368996,404200940244550,1897,11007,30.66453,76.80344,1656fb0163847f1f0171dc12a519b307273517efa1c2085687cf090ae8038200,832279ccb407938aa069e20008b4e250,cdr.csv
CDR00530,+917049451983,+918489638346,2026-08-15T10:50:00,332,MO,voice,731585149368996,404200940244550,4531,77154,30.65366,76.74159,690a8980e92016c818566cc57c6b3c455819cdc2783a89f32326887d924c4b4d,832279ccb407938aa069e20008b4e250,cdr.csv
CDR00531,+917049451983,+918953394210,2026-08-15T10:10:00,342,MO,voice,731585149368996,404200940244550,4531,77154,30.65366,76.74159,dd573389472f9e36bb340e9bfdd5945dbfd65253d5fba5a587e40265b746b1d3,832279ccb407938aa069e20008b4e250,cdr.csv
CDR00532,+919104332181,+917709521456,2026-08-16T15:12:00,367,MO,voice,001338908386376,404204026542351,8138,87184,30.68805,76.69944,1afaa12f6c01857559e9cec1a93e2b230185208b681656016f494c176096d21e,832279ccb407938aa069e20008b4e250,cdr.csv
CDR00533,+919104332181,+916271937452,2026-08-16T21:00:00,238,MO,voice,001338908386376,404204026542351,3419,40968,30.65234,76.72072,bcf3bc30f5413deec613fa8cf88e03e3199c8ffbc7b26cff46336eacd0dd1bc8,832279ccb407938aa069e20008b4e250,cdr.csv
CDR00534,+917341316475,+917455623869,2026-08-16T15:07:00,368,MT,voice,553419283276486,404455030564139,9307,60394,30.69553,76.75652,1b869a3877737250fc0cf979fbdb237d68e6aa7f0a8017d3eff643bc47e2bd1b,832279ccb407938aa069e20008b4e250,cdr.csv
CDR00535,+917341316475,+916784801845,2026-08-16T14:03:00,162,MT,voice,553419283276486,404455030564139,9149,66446,30.66108,76.73562,7b3a59a320adbe1cca5707b2a55cfc441048289680defc75fa486643fd579502,832279ccb407938aa069e20008b4e250,cdr.csv
CDR00536,+917341316475,+919104332181,2026-08-16T19:12:00,191,MO,voice,553419283276486,404455030564139,9149,66446,30.66108,76.73562,3afd1ff0f9398f174451993396579677e68db5e4efbec5d3133f867ac45e1e02,832279ccb407938aa069e20008b4e250,cdr.csv
CDR00537,+917341316475,+918277434873,2026-08-16T20:04:00,147,MO,voice,553419283276486,404455030564139,9149,66446,30.66108,76.73562,536826a195ea6a29bc2dd68919108202119122555282561bcc2a0a8201d4935d,832279ccb407938aa069e20008b4e250,cdr.csv
CDR00538,+916784801845,+917911718227,2026-08-16T07:30:00,241,MO,voice,287101226916693,404203010310518,4770,75570,30.70705,76.77017,d04523ad7fb65b00a8d8e34e4d8cec0065093410aa5900f7a952c8827444f4ba,832279ccb407938aa069e20008b4e250,cdr.csv
CDR00539,+916462704828,+917734670656,2026-08-16T10:30:00,142,MT,voice,287101226916693,404454738299737,4770,75570,30.70705,76.77017,7a9b207d07fdfc6824b12ee9eebe48a73cfeebc62fd669faee7382cc98779c7b,832279ccb407938aa069e20008b4e250,cdr.csv
CDR00540,+916462704828,+917709521456,2026-08-16T14:04:00,327,MT,voice,287101226916693,404454738299737,6053,15952,30.66646,76.80813,99a766e23c1e8d95a4f3997c5d3592b96ed67fe31a7d4b8a50a18d74b0d62375,832279ccb407938aa069e20008b4e250,cdr.csv
CDR00541,+916462704828,+918489638346,2026-08-16T09:03:00,37,MT,voice,287101226916693,404454738299737,4770,75570,30.70705,76.77017,c44363ad0e91937c7b3685d5ee553f2c04aa862bfa9d1d3d9ab91da67697d985,832279ccb407938aa069e20008b4e250,cdr.csv
CDR00542,+916489325288,+916462704828,2026-08-16T21:03:00,174,MT,voice,287101226916693,404863116566701,6731,50662,30.75612,76.77382,130f9ed55e2cb1b5427fc62f089718fb4965cf1cd4769c2861745231b31bb882,832279ccb407938aa069e20008b4e250,cdr.csv
CDR00543,+916489325288,+916462704828,2026-08-16T08:18:00,215,MT,voice,287101226916693,404863116566701,8601,83889,30.73119,76.74387,956a0370e410236c3043059bbb163cd43cd89cece87929b1f61c4add635f016a,832279ccb407938aa069e20008b4e250,cdr.csv
CDR00544,+917957015430,+919104332181,2026-08-16T21:24:00,257,MT,voice,287101226916693,404106513338726,1897,11007,30.66453,76.80344,1f1e0681013f1bc1b4a06f827a6294bd123d1d8a12ce294e63e9fd509da03545,832279ccb407938aa069e20008b4e250,cdr.csv
CDR00545,+917957015430,+917911718227,2026-08-16T17:41:00,365,MO,voice,287101226916693,404106513338726,4770,75570,30.70705,76.77017,02ad5e1afb7910ec0cb650cb3dff712f8a3db4365f8c97ec42826403a4d6560d,832279ccb407938aa069e20008b4e250,cdr.csv
CDR00546,+918489638346,+916489325288,2026-08-16T13:57:00,313,MO,voice,287101226916693,404103267736026,4770,75570,30.70705,76.77017,bcbe696daa322936082de8eb039d4f7a5cd08fe1c130edfe547c923b69e87c7c,832279ccb407938aa069e20008b4e250,cdr.csv
CDR00547,+917787133150,+917455623869,2026-08-16T22:46:00,337,MT,voice,287101226916693,404106474687234,4770,75570,30.70705,76.77017,a655591d56809e41570674639f962c91a673377ad8b963d439efa9bacd258b3a,832279ccb407938aa069e20008b4e250,cdr.csv
CDR00548,+917787133150,+916784801845,2026-08-16T08:08:00,179,MT,voice,287101226916693,404106474687234,4770,75570,30.70705,76.77017,5b285bf72eaa5087a03672a9d208df321d1fe5d9706e89179806710ea0a24f62,832279ccb407938aa069e20008b4e250,cdr.csv
CDR00549,+917787133150,+918094777520,2026-08-16T11:09:00,260,MT,voice,287101226916693,404106474687234,4770,75570,30.70705,76.77017,d7059e4a49b9bf5eeb12d07eb4f4124f8b3c1b6df89f8cb05c4f75398265db3d,832279ccb407938aa069e20008b4e250,cdr.csv
CDR00550,+916081219136,+919104332181,2026-08-16T11:03:00,141,MO,voice,939909169985432,404493462475107,1815,98338,30.64979,76.74317,edf3bdb2aceccd2e18110e6db4b56a3259d3b6e2d4c599762654fba3b951f13e,832279ccb407938aa069e20008b4e250,cdr.csv
CDR00551,+916081219136,+916569816934,2026-08-16T13:50:00,55,MT,voice,939909169985432,404493462475107,5640,98895,30.72142,76.7484,2fdec8ac6c0f246d281dc5e8dd44457eeae6f56a5238aeb9ec9a343cbb90143f,832279ccb407938aa069e20008b4e250,cdr.csv
CDR00552,+916081219136,+917175946474,2026-08-16T17:54:00,316,MT,voice,939909169985432,404493462475107,5640,98895,30.72142,76.7484,49c6fa2a7f23021fdf2ee1df5af07e958618c549e496900789e906f9f4e246ec,832279ccb407938aa069e20008b4e250,cdr.csv
CDR00553,+916980841241,+917911718227,2026-08-16T21:56:00,41,MT,voice,824493534874017,404864005242786,9624,22249,30.71752,76.74081,8a63ce6840d6cc0ab7b6715473471f37b93473831e5a6fd89de6563efc067958,832279ccb407938aa069e20008b4e250,cdr.csv
CDR00554,+916980841241,+918277434873,2026-08-16T14:29:00,339,MO,voice,824493534874017,404864005242786,2251,76910,30.71599,76.75367,ef7dabc0d3e020d21ab15bd53d0f2eb2b1d2bc8f9c89a9521e873f1cab99a61a,832279ccb407938aa069e20008b4e250,cdr.csv
CDR00555,+917053315869,+919044997278,2026-08-16T13:25:00,114,MO,voice,322602563421605,404863375433036,6053,15952,30.66646,76.80813,b3895d8097897c6aff7236b659bf07bc36f52df3e3e23afe5dd12781329c859d,832279ccb407938aa069e20008b4e250,cdr.csv
CDR00556,+917053315869,+919648877190,2026-08-16T07:35:00,78,MO,voice,322602563421605,404863375433036,6053,15952,30.66646,76.80813,0ceb9e183eb4a52eeb172e2a236fe41bc7e213a458458872bbbec9426ef773ba,832279ccb407938aa069e20008b4e250,cdr.csv
CDR00557,+917053315869,+917859770348,2026-08-16T08:01:00,121,MO,voice,322602563421605,404863375433036,6053,15952,30.66646,76.80813,d85fbc49f53bff9a629d5c78a18c8bead95667e90c2b1c78f8ddbc25656e7547,832279ccb407938aa069e20008b4e250,cdr.csv
CDR00558,+916569816934,+917053315869,2026-08-16T17:54:00,303,MO,voice,608835615951489,404496564823662,7421,26901,30.7114,76.80256,196264a0f2982dba644db22d7f3c86838eb9a2a0dcc5d8018e2cd2c346d8d90a,832279ccb407938aa069e20008b4e250,cdr.csv
CDR00559,+916569816934,+917053315869,2026-08-16T15:58:00,71,MO,voice,608835615951489,404496564823662,7421,26901,30.7114,76.80256,7500074f868ba5706400ad0897583b0935ac162619ccda47ea305d89941c0651,832279ccb407938aa069e20008b4e250,cdr.csv
CDR00560,+916569816934,+919044997278,2026-08-16T10:21:00,127,MT,voice,608835615951489,404496564823662,7421,26901,30.7114,76.80256,3db6c34f19d192140555c7bd70f50dc0c78cf24051af7496145aa1020435eab0,832279ccb407938aa069e20008b4e250,cdr.csv
CDR00561,+918738721489,+916980841241,2026-08-16T20:56:00,384,MO,voice,134332003791762,404203676320163,6053,15952,30.66646,76.80813,5e267de8453c260eec4977c5b0d04ee8978f0a89388872212b3c5c9fd0a28a0f,832279ccb407938aa069e20008b4e250,cdr.csv
CDR00562,+918738721489,+916569816934,2026-08-16T13:34:00,213,MT,voice,134332003791762,404203676320163,7421,26901,30.7114,76.80256,45f891e8d924e43e9e7ab19cd44155da991664a9e162c66fdd2c1e1005fcdd84,832279ccb407938aa069e20008b4e250,cdr.csv
CDR00563,+918738721489,+917734670656,2026-08-16T08:48:00,335,MO,voice,134332003791762,404203676320163,8601,83889,30.73119,76.74387,35f1ebf1cc2aaf1620c2f56a53b7be5e765d9c2b03dd9925cca6aeeaec750ba7,832279ccb407938aa069e20008b4e250,cdr.csv
CDR00564,+918277434873,+916936183242,2026-08-16T14:03:00,342,MT,voice,714345581223625,404451665876036,2013,69050,30.65242,76.7979,6f894f7c76b9d7254ab79629e6610512df0e528e7b8530672bd3d4af8db59df6,832279ccb407938aa069e20008b4e250,cdr.csv
CDR00565,+918277434873,+918953394210,2026-08-16T22:13:00,392,MO,voice,714345581223625,404451665876036,2013,69050,30.65242,76.7979,e6033be6ad4b338de5bb40d3406d4ff7188681c6f2d447a410a796aa167d6dec,832279ccb407938aa069e20008b4e250,cdr.csv
CDR00566,+917734670656,+916980841241,2026-08-16T19:48:00,350,MT,voice,729806990162729,404104653755646,2257,94497,30.74371,76.79264,36ef378837e8782b5136cd2826c3cd95991bd765d4d3598f9a9fcc6e0b6ddf85,832279ccb407938aa069e20008b4e250,cdr.csv
CDR00567,+916271937452,+916936183242,2026-08-16T18:33:00,375,MT,voice,193149190586514,404208776945314,8682,67961,30.71577,76.78556,eb6181f202f7e2b553bf5d03acc5a89f3e0c7eb72b8624a025147fb19db492bb,832279ccb407938aa069e20008b4e250,cdr.csv
CDR00568,+916271937452,+918671369594,2026-08-16T15:37:00,225,MO,voice,193149190586514,404208776945314,6731,50662,30.75612,76.77382,87414953b59f81ee62908f4898fe9274d5ce05a36f6c75a8aeeaba861867257d,832279ccb407938aa069e20008b4e250,cdr.csv
CDR00569,+917241904966,+917734670656,2026-08-16T19:13:00,176,MT,voice,850671657262845,404863799650752,1920,56129,30.70088,76.72725,69f6a5104328143ac590711ef12be69dcb88e23870d0ce13b11cf31c847bcb2a,832279ccb407938aa069e20008b4e250,cdr.csv
CDR00570,+917241904966,+916980841241,2026-08-16T18:16:00,301,MO,voice,850671657262845,404863799650752,6731,50662,30.75612,76.77382,67eac371242d0f54c73fbeecf8114a603f020e73efd991c29253add86ec20bad,832279ccb407938aa069e20008b4e250,cdr.csv
CDR00571,+917241904966,+918701436349,2026-08-16T21:33:00,200,MO,voice,850671657262845,404863799650752,8682,67961,30.71577,76.78556,523cbd061e18beb2c20023893e8edba43f1a72c4515d04fd29ec8233f17fdb17,832279ccb407938aa069e20008b4e250,cdr.csv
CDR00572,+917241904966,+918953394210,2026-08-16T17:27:00,250,MT,voice,850671657262845,404863799650752,6731,50662,30.75612,76.77382,cc58f91295356a75031a092f6a8be57a27f3737bd61f395fee03aca9563c7cc7,832279ccb407938aa069e20008b4e250,cdr.csv
CDR00573,+918701436349,+916936183242,2026-08-16T15:24:00,32,MO,voice,788568557444310,404455182337498,9307,60394,30.69553,76.75652,cff1c3ffd4dbe4949967ab5660568f758f41352dbe2e67df28b5dd875db57f2e,832279ccb407938aa069e20008b4e250,cdr.csv
CDR00574,+918701436349,+916489325288,2026-08-16T18:57:00,62,MT,voice,788568557444310,404455182337498,3248,43491,30.67473,76.7044,cb3b001a60f3e0c50cc8f68c85a98a8c3a0685128cbfc6f312d48351cf8bdb17,832279ccb407938aa069e20008b4e250,cdr.csv
CDR00575,+918701436349,+917529042284,2026-08-16T09:50:00,161,MO,voice,788568557444310,404455182337498,1815,98338,30.64979,76.74317,56e561214de1a5f2f5607a9c0d9ea9ebad918df043579ffce2595332bea5211c,832279ccb407938aa069e20008b4e250,cdr.csv
CDR00576,+918701436349,+917859770348,2026-08-16T08:34:00,122,MT,voice,788568557444310,404455182337498,9307,60394,30.69553,76.75652,d2a189015437f76f9d4e67d585cea63ed0e36bf101d24ea6e2bd8ae2427c7056,832279ccb407938aa069e20008b4e250,cdr.csv
CDR00577,+918094777520,+917241904966,2026-08-16T13:45:00,329,MO,voice,711671902294137,404108699938677,2257,94497,30.74371,76.79264,319146c068ce8f905b9ca4a0c8ea60be0e0c79fe340b25142ca103f41200c52f,832279ccb407938aa069e20008b4e250,cdr.csv
CDR00578,+918094777520,+917529042284,2026-08-16T15:00:00,173,MT,voice,711671902294137,404108699938677,2391,16895,30.65867,76.78053,49eb65f8da2f55925ff660c2a1912855d3ca6dab6f03298f58a7ed53955ce016,832279ccb407938aa069e20008b4e250,cdr.csv
CDR00579,+916936183242,+919104332181,2026-08-16T22:41:00,282,MO,voice,067974034471340,404499401399049,3419,40968,30.65234,76.72072,ab3ee8b8f4513ade31ec40066f169a579d8da10e686252df2113d31e07d40c92,832279ccb407938aa069e20008b4e250,cdr.csv
CDR00580,+916936183242,+918277434873,2026-08-16T13:30:00,139,MT,voice,067974034471340,404499401399049,4531,77154,30.65366,76.74159,9aeebd8cf2f4f65bb10c15da04b5344148222ae236261d60a238cf687034d5c8,832279ccb407938aa069e20008b4e250,cdr.csv
CDR00581,+916936183242,+918024994717,2026-08-16T09:20:00,116,MT,voice,067974034471340,404499401399049,4084,52143,30.7126,76.75016,82ef8e1d57ce65e264dc7794868d84f1f507129b71559ff185862aeccece3b82,832279ccb407938aa069e20008b4e250,cdr.csv
CDR00582,+916936183242,+917455623869,2026-08-16T13:28:00,250,MO,voice,067974034471340,404499401399049,3093,97833,30.72434,76.80365,8fad284f07955f3af5c04ae034a43bc1398184bd639c2d9b813d84eb49896100,832279ccb407938aa069e20008b4e250,cdr.csv
CDR00583,+918024994717,+918094777520,2026-08-16T07:31:00,357,MT,voice,067974034471340,404102787429671,4531,77154,30.65366,76.74159,f388485e141cbb9544bb789d5d1317c22559ff65c9774fc40a96d974db2e0dad,832279ccb407938aa069e20008b4e250,cdr.csv
CDR00584,+918024994717,+917221969379,2026-08-16T19:48:00,373,MT,voice,067974034471340,404102787429671,3419,40968,30.65234,76.72072,6d769276ebe72eb404118c68c8ee91d58bbd7174b5c95fb06ed6623731cbcfbf,832279ccb407938aa069e20008b4e250,cdr.csv
CDR00585,+919648877190,+917787133150,2026-08-16T11:21:00,310,MT,voice,067974034471340,404865655125674,3419,40968,30.65234,76.72072,e4c906676ccb35249236d761910b46984136683f117338c8182060e1074748ea,832279ccb407938aa069e20008b4e250,cdr.csv
CDR00586,+917859770348,+916489325288,2026-08-16T19:12:00,263,MO,voice,477109324808614,404451712748467,3248,43491,30.67473,76.7044,291257c0db28a212949afe4d73fbc4c30f2ac381d9149a7a01701d8e8ba308fd,832279ccb407938aa069e20008b4e250,cdr.csv
CDR00587,+917859770348,+918094777520,2026-08-16T09:10:00,73,MO,voice,477109324808614,404451712748467,7421,26901,30.7114,76.80256,e13302b653dbb002db094ef3b3b26ee75aec4e4c262f4161219cd48faa9b780c,832279ccb407938aa069e20008b4e250,cdr.csv
CDR00588,+917859770348,+917064090974,2026-08-16T07:11:00,121,MO,voice,477109324808614,404451712748467,3248,43491,30.67473,76.7044,63b8f20668770bccb4d3c89f41c32b3e99c02a391fb7052b0108424e6a0ba969,832279ccb407938aa069e20008b4e250,cdr.csv
CDR00589,+917859770348,+918701436349,2026-08-16T13:14:00,169,MO,voice,477109324808614,404451712748467,6928,21551,30.69241,76.7027,efe74ec2b23fa4ad969ca71635e30348fa9139dbc282777fc1c2e20c1d51fa70,832279ccb407938aa069e20008b4e250,cdr.csv
CDR00590,+919044997278,+916980841241,2026-08-16T17:55:00,230,MT,voice,558867533963601,404497662702895,8682,67961,30.71577,76.78556,0a635f7b0ad0a924b643b4df19e3388bea6b9207f2e5222edcf15457bc268528,832279ccb407938aa069e20008b4e250,cdr.csv
CDR00591,+916611724005,+917529042284,2026-08-16T20:30:00,400,MO,voice,158657809134318,404452858842474,8682,67961,30.71577,76.78556,06c077f8ae474a389c26dd5c87df2312a420cc3e6945f7e374c40e81111b7e12,832279ccb407938aa069e20008b4e250,cdr.csv
CDR00592,+916611724005,+917787133150,2026-08-16T13:19:00,241,MT,voice,158657809134318,404452858842474,8601,83889,30.73119,76.74387,78764d85ce049e7bf42eefa581457c7a5d1bd0cf8cbf9a93c62828837e625f96,832279ccb407938aa069e20008b4e250,cdr.csv
CDR00593,+917455623869,+916569816934,2026-08-16T21:17:00,123,MO,voice,158657809134318,404491712368516,9691,38197,30.68514,76.74444,321093da7a069c7f380540b3775eabc07c1a043dc2d329e512d713d4c904a896,832279ccb407938aa069e20008b4e250,cdr.csv
CDR00594,+917455623869,+916489325288,2026-08-16T19:38:00,146,MT,voice,158657809134318,404491712368516,9691,38197,30.68514,76.74444,79d4f6f5a946bb65d4d718ee7c2394fc3e0f1e92eeb9eaebe581a9f77383a470,832279ccb407938aa069e20008b4e250,cdr.csv
CDR00595,+917455623869,+917175946474,2026-08-16T21:36:00,40,MO,voice,158657809134318,404491712368516,9691,38197,30.68514,76.74444,b940105d1476e99ed851f8be25411ec6d749776f84f72c94cd4bddb0c8a17f30,832279ccb407938aa069e20008b4e250,cdr.csv
CDR00596,+917221969379,+918094777520,2026-08-16T19:39:00,109,MT,voice,158657809134318,404104817549651,8601,83889,30.73119,76.74387,8c337434b17f882858ee090196ee52b3dfee7a0357a71d9a005ccb41923ee7af,832279ccb407938aa069e20008b4e250,cdr.csv
CDR00597,+917221969379,+917175946474,2026-08-16T19:58:00,357,MO,voice,158657809134318,404104817549651,8682,67961,30.71577,76.78556,0398701b5c974a766f87ff73d1525fc2cdee3b6393b51a5b6778c0555fdd84a2,832279ccb407938aa069e20008b4e250,cdr.csv
CDR00598,+917374740748,+916784801845,2026-08-16T14:56:00,100,MT,voice,158657809134318,404457098593174,8601,83889,30.73119,76.74387,1de99fc08e2189b60943df72d8894bba2b4f8f34fbc0247b17059bed35b62c2e,832279ccb407938aa069e20008b4e250,cdr.csv
CDR00599,+917374740748,+918701436349,2026-08-16T09:44:00,391,MO,voice,158657809134318,404457098593174,9691,38197,30.68514,76.74444,48e235de6f5006f8f7f70c61f7a2f82495fca26c4d354cd4e83b8dd6eb5d5abd,832279ccb407938aa069e20008b4e250,cdr.csv
CDR00600,+917374740748,+918159212499,2026-08-16T10:23:00,59,MO,voice,158657809134318,404457098593174,8682,67961,30.71577,76.78556,36a028f0a906322929fb8b8853949c21cf4fd98220e7684befe6ab6fe61eaf99,832279ccb407938aa069e20008b4e250,cdr.csv
CDR00601,+917374740748,+917455623869,2026-08-16T21:10:00,149,MO,voice,158657809134318,404457098593174,9691,38197,30.68514,76.74444,72bf2badf2dff0fd4ad18b3d296afb8afe766459fbf24cd2bb1e3dfb8ddf5a69,832279ccb407938aa069e20008b4e250,cdr.csv
CDR00602,+917175946474,+916489325288,2026-08-16T21:24:00,195,MT,voice,158657809134318,404861200471138,9691,38197,30.68514,76.74444,523f5dabadc62998d442187d4f653e5f781621c45fa25187ad8b91f78ff173ca,832279ccb407938aa069e20008b4e250,cdr.csv
CDR00603,+918671369594,+919104332181,2026-08-16T15:07:00,383,MO,voice,158657809134318,404456758692617,2391,16895,30.65867,76.78053,15394e5b4c781d5a92d9f0f519796cce1edbec07f8f5c45a5bb199905703ec77,832279ccb407938aa069e20008b4e250,cdr.csv
CDR00604,+917064090974,+917175946474,2026-08-16T09:05:00,300,MO,voice,158657809134318,404206405377351,9691,38197,30.68514,76.74444,1aabc9a3d0480ca303f16a7b38ffee312bf182ae56dca838aa9d8109866f1975,832279ccb407938aa069e20008b4e250,cdr.csv
CDR00605,+917064090974,+917787133150,2026-08-16T22:52:00,162,MO,voice,158657809134318,404206405377351,8682,67961,30.71577,76.78556,76ce21b48dcfc90aa8bcc9c715bed838d9ac4e4be603b81e3bbc9dae3a2ac9dd,832279ccb407938aa069e20008b4e250,cdr.csv
CDR00606,+917064090974,+917911718227,2026-08-16T12:18:00,83,MT,voice,158657809134318,404206405377351,2391,16895,30.65867,76.78053,8531ba07d2c6a345a266b5d75988e7e065e427a54ea52b2d8c4f787760cd4215,832279ccb407938aa069e20008b4e250,cdr.csv
CDR00607,+918953394210,+917241904966,2026-08-16T11:28:00,203,MO,voice,158657809134318,404498506431713,8682,67961,30.71577,76.78556,a246d4155def6632609d1ff344d53aa4f26a889147917f82b8ecae269771df5b,832279ccb407938aa069e20008b4e250,cdr.csv
CDR00608,+917709521456,+917374740748,2026-08-16T08:53:00,345,MO,voice,158657809134318,404200053293183,8682,67961,30.71577,76.78556,0768e3a696dcc2e5bdbbc67f23960635c3b3444d5850c720c31ccced9b9d207a,832279ccb407938aa069e20008b4e250,cdr.csv
CDR00609,+917709521456,+917374740748,2026-08-16T08:38:00,22,MO,voice,158657809134318,404200053293183,8682,67961,30.71577,76.78556,89be53ebe64da602454d0928180ef279ad84a5f2b8a2753d3deafb946588a17c,832279ccb407938aa069e20008b4e250,cdr.csv
CDR00610,+917529042284,+917859770348,2026-08-16T14:12:00,66,MO,voice,102053950240266,404201177589178,2234,33218,30.75416,76.76535,08d128603453b093ad368619a25a67eecd1c8ae19271fc5e6ee4ff35b5dbc406,832279ccb407938aa069e20008b4e250,cdr.csv
CDR00611,+917529042284,+918024994717,2026-08-16T13:43:00,362,MO,voice,102053950240266,404201177589178,2234,33218,30.75416,76.76535,441d0e29701dc8087b4ada46c965eed2622c988ecdb82ff7b4af38ff07d777f8,832279ccb407938aa069e20008b4e250,cdr.csv
CDR00612,+918159212499,+916980841241,2026-08-16T08:26:00,282,MO,voice,698478961183676,404456576615654,3419,40968,30.65234,76.72072,55743b1dc3081271c2af2c1df4173add9770cd9ec7b96268da1a207924d3c09f,832279ccb407938aa069e20008b4e250,cdr.csv
CDR00613,+917049451983,+918738721489,2026-08-16T19:27:00,81,MO,voice,731585149368996,404200940244550,4531,77154,30.65366,76.74159,0c2216203f86efb1f720cbcdb23b6f0d510f86dafe86571b1a902f9382c8d37b,832279ccb407938aa069e20008b4e250,cdr.csv
CDR00614,+917049451983,+916936183242,2026-08-16T12:00:00,225,MT,voice,731585149368996,404200940244550,6802,19447,30.68765,76.77904,a89172d127e3c53af5de88d259fc891bb6382a62edfb36b2f37d0e73fecc2825,832279ccb407938aa069e20008b4e250,cdr.csv
CDR00615,+919104332181,+917053315869,2026-08-17T19:30:00,350,MT,voice,001338908386376,404204026542351,3419,40968,30.65234,76.72072,5987c791ba670e0edf8f6e66b47f399dc9235c3afe643964e840206f722b3028,832279ccb407938aa069e20008b4e250,cdr.csv
CDR00616,+917341316475,+916936183242,2026-08-17T09:45:00,295,MO,voice,553419283276486,404455030564139,9149,66446,30.66108,76.73562,8f2d9b4070dc8a2347030fca6a815820d1360962bf20480000b8b7c5c17be7e5,832279ccb407938aa069e20008b4e250,cdr.csv
CDR00617,+916784801845,+918159212499,2026-08-17T22:04:00,285,MO,voice,287101226916693,404203010310518,4770,75570,30.70705,76.77017,e41ff58f0c215e364d65c14e7753b67cca42fb46e344f7c915c627fcb040fcbd,832279ccb407938aa069e20008b4e250,cdr.csv
CDR00618,+916784801845,+918489638346,2026-08-17T12:55:00,326,MO,voice,287101226916693,404203010310518,8682,67961,30.71577,76.78556,5e33f69c70ed046526cba26149c8bad33132dbb59419591c40effa6af7ef4bd7,832279ccb407938aa069e20008b4e250,cdr.csv
CDR00619,+916784801845,+916936183242,2026-08-17T10:02:00,85,MO,voice,287101226916693,404203010310518,4770,75570,30.70705,76.77017,cb9f658ac7400ea9a804eb6af1f57176b1d63b7c73ed04bb73d3f56b37ab95d8,832279ccb407938aa069e20008b4e250,cdr.csv
CDR00620,+916784801845,+918159212499,2026-08-17T15:54:00,37,MO,voice,287101226916693,404203010310518,1897,11007,30.66453,76.80344,c1b2180491c143642de114af90998104f3d2a6ac8d9a83d47bf3ba41edf29944,832279ccb407938aa069e20008b4e250,cdr.csv
CDR00621,+916462704828,+917859770348,2026-08-17T12:27:00,356,MO,voice,287101226916693,404454738299737,4770,75570,30.70705,76.77017,3b215c139ca9f9b00c8a3629002fd48fdfcd07c618af20eca6d64992cfd6f930,832279ccb407938aa069e20008b4e250,cdr.csv
CDR00622,+916462704828,+917709521456,2026-08-17T16:42:00,293,MT,voice,287101226916693,404454738299737,6053,15952,30.66646,76.80813,b274bc0f47f326bff270625075452f5c11e5b5490d125f39fb5dfc186afcee40,832279ccb407938aa069e20008b4e250,cdr.csv
CDR00623,+916462704828,+916936183242,2026-08-17T18:38:00,295,MO,voice,287101226916693,404454738299737,4770,75570,30.70705,76.77017,7015b41399851a8916a8c1cacfb008e3afe1832cabc16f3e62a378eabb038c17,832279ccb407938aa069e20008b4e250,cdr.csv
CDR00624,+916489325288,+916784801845,2026-08-17T13:09:00,173,MO,voice,287101226916693,404863116566701,1897,11007,30.66453,76.80344,4860fdbfdd5ebca7863f34f4d235e4dd22ba29e5ee06afb553157d85e9030826,832279ccb407938aa069e20008b4e250,cdr.csv
CDR00625,+916489325288,+918159212499,2026-08-17T13:37:00,203,MT,voice,287101226916693,404863116566701,1897,11007,30.66453,76.80344,4a1163a9f4cf3d7cf2209ccbd8b1d8fdda376633435d4ab2799ea4b9d76f186c,832279ccb407938aa069e20008b4e250,cdr.csv
CDR00626,+917957015430,+916489325288,2026-08-17T15:16:00,215,MO,voice,287101226916693,404106513338726,4770,75570,30.70705,76.77017,c7521cbb138f4ecb8195b440c1a5ebc3435fafe39d510072b0dbbbe9896e86b1,832279ccb407938aa069e20008b4e250,cdr.csv
CDR00627,+917957015430,+916271937452,2026-08-17T20:44:00,93,MO,voice,287101226916693,404106513338726,3093,97833,30.72434,76.80365,cec15ef86109db3c1a7ae7d5c35dc10f86eafe75d8cb491c7855a3767f79ca1b,832279ccb407938aa069e20008b4e250,cdr.csv
CDR00628,+917957015430,+917241904966,2026-08-17T13:45:00,210,MO,voice,287101226916693,404106513338726,4770,75570,30.70705,76.77017,ce51fb5786a3cf73b52239e505bd1a152bd4626856f2d8021455c19b5e8a6bd9,832279ccb407938aa069e20008b4e250,cdr.csv
CDR00629,+917957015430,+916936183242,2026-08-17T20:24:00,33,MO,voice,287101226916693,404106513338726,5640,98895,30.72142,76.7484,be69b41d8789a133dc1fc017f655296eafbc3901762415da4a692188d2e33134,832279ccb407938aa069e20008b4e250,cdr.csv
CDR00630,+917911718227,+918159212499,2026-08-17T20:04:00,188,MO,voice,287101226916693,404454731781080,4770,75570,30.70705,76.77017,d28d9e04913d3c99707f8a843e9a8186586421c726948723545572f1c768d3c0,832279ccb407938aa069e20008b4e250,cdr.csv
CDR00631,+918489638346,+916081219136,2026-08-17T14:17:00,25,MO,voice,287101226916693,404103267736026,4770,75570,30.70705,76.77017,3dab219af1c4b21eb064bcf4780983e9ccd0f61364043704757e0bbfb93e6e1c,832279ccb407938aa069e20008b4e250,cdr.csv
CDR00632,+918489638346,+919044997278,2026-08-17T10:50:00,83,MO,voice,287101226916693,404103267736026,4770,75570,30.70705,76.77017,de34ffc0ab4fa63eaab8313a19f256682c67f9851bcfccb4b47084eb303f1bbb,832279ccb407938aa069e20008b4e250,cdr.csv
CDR00633,+918489638346,+917064090974,2026-08-17T10:33:00,198,MT,voice,287101226916693,404103267736026,1897,11007,30.66453,76.80344,aeb0e68c67cc05f277a62a7e4a871ef3991fee1588de6ac3d2c840a930393542,832279ccb407938aa069e20008b4e250,cdr.csv
CDR00634,+917787133150,+916462704828,2026-08-17T12:20:00,219,MO,voice,287101226916693,404106474687234,1897,11007,30.66453,76.80344,ef15d8ab706a4ef7bae1e77b7b4891350207f7e9fd09c5ed29a9191869f6b3ce,832279ccb407938aa069e20008b4e250,cdr.csv
CDR00635,+916081219136,+918671369594,2026-08-17T11:16:00,24,MO,voice,939909169985432,404493462475107,1815,98338,30.64979,76.74317,6540468f6f029977aeed0ea5f338b4c18c393ae2693bfd40f04f87ce1a5a1b9f,832279ccb407938aa069e20008b4e250,cdr.csv
CDR00636,+916081219136,+919044997278,2026-08-17T15:03:00,391,MT,voice,939909169985432,404493462475107,1815,98338,30.64979,76.74317,33fabd5294afd7ecd0fec2da54e9a9288aaf55a452ea32b1d3c9100da8ae5690,832279ccb407938aa069e20008b4e250,cdr.csv
CDR00637,+916081219136,+917455623869,2026-08-17T21:11:00,244,MT,voice,939909169985432,404493462475107,1672,68947,30.74909,76.7586,313836665f913859bfebac48f962ec94ae0b6f47dc5cdcb3a53858e8a2810a7e,832279ccb407938aa069e20008b4e250,cdr.csv
CDR00638,+916081219136,+918701436349,2026-08-17T15:27:00,286,MO,voice,939909169985432,404493462475107,1815,98338,30.64979,76.74317,ed68f89e5ed5847f8801c94247c68ca6af7a154425045e6c64a49646b388b5d9,832279ccb407938aa069e20008b4e250,cdr.csv
CDR00639,+916980841241,+917455623869,2026-08-17T17:54:00,66,MO,voice,824493534874017,404864005242786,6129,85465,30.69151,76.73853,937d6de65e72514834a1c331183cc25dc5f039ef3cbff01406dde1cae92e3be7,832279ccb407938aa069e20008b4e250,cdr.csv
CDR00640,+916980841241,+917957015430,2026-08-17T12:36:00,49,MO,voice,824493534874017,404864005242786,3463,53694,30.64978,76.76963,d1acadadca565b61e43e7804f5c15de56099b0b4f0cb5fa4776673ece9fd7ba4,832279ccb407938aa069e20008b4e250,cdr.csv
CDR00641,+916980841241,+917064090974,2026-08-17T07:27:00,366,MO,voice,824493534874017,404864005242786,3463,53694,30.64978,76.76963,0bef5483e62f469fe7041fbd0e21929a5160c02eb2209cceb8124facf7a124fc,832279ccb407938aa069e20008b4e250,cdr.csv
CDR00642,+917053315869,+916611724005,2026-08-17T07:39:00,117,MO,voice,322602563421605,404863375433036,9149,66446,30.66108,76.73562,f3b0823925758823afb4ddfa4da66118720903648b971d57cd364c8aaafafcee,832279ccb407938aa069e20008b4e250,cdr.csv
CDR00643,+916569816934,+917734670656,2026-08-17T08:38:00,249,MO,voice,608835615951489,404496564823662,3578,58503,30.6774,76.72893,2c3cd5edd96fa1bdc21e7a7adf5db80bbf9a87377a6a71f577eaabac7495eb25,832279ccb407938aa069e20008b4e250,cdr.csv
CDR00644,+916569816934,+917709521456,2026-08-17T14:11:00,58,MT,voice,608835615951489,404496564823662,9624,22249,30.71752,76.74081,83af2e9a05556ee77eb9ac8a2e49bae301410219321d657490939779f804afca,832279ccb407938aa069e20008b4e250,cdr.csv
CDR00645,+916569816934,+919648877190,2026-08-17T08:27:00,273,MT,voice,608835615951489,404496564823662,7421,26901,30.7114,76.80256,2bda91a1447f18f317bb91f12b8376816cf9a6878959f3f62f67f96d22570f0b,832279ccb407938aa069e20008b4e250,cdr.csv
CDR00646,+918738721489,+917734670656,2026-08-17T10:18:00,173,MT,voice,134332003791762,404203676320163,8601,83889,30.73119,76.74387,4a0089eb369144521f5515ad3f22fe2df656a77613e14f724816e821566a3307,832279ccb407938aa069e20008b4e250,cdr.csv
CDR00647,+918738721489,+919104332181,2026-08-17T19:13:00,176,MO,voice,134332003791762,404203676320163,9624,22249,30.71752,76.74081,b4173d615a925ef9b8e39128100386c9fc4e535d6b084c86d50e148de598792b,832279ccb407938aa069e20008b4e250,cdr.csv
CDR00648,+918738721489,+917064090974,2026-08-17T08:22:00,23,MT,voice,134332003791762,404203676320163,8601,83889,30.73119,76.74387,f516147db3c3a6eb56a5bce043cc8c6f3085489c57aa98fe45bad071eaf38b08,832279ccb407938aa069e20008b4e250,cdr.csv
CDR00649,+918277434873,+919104332181,2026-08-17T18:56:00,389,MO,voice,714345581223625,404451665876036,8682,67961,30.71577,76.78556,d8102cbe6171d0c5f32b202820d302c19b447ed522f8f7311b2fa6864e1ae754,832279ccb407938aa069e20008b4e250,cdr.csv
CDR00650,+917734670656,+917221969379,2026-08-17T22:12:00,63,MO,voice,729806990162729,404104653755646,2257,94497,30.74371,76.79264,db2354d9a75c74e0f23f746854d21d88bd483c93540f283aae9cdb16bbea8235,832279ccb407938aa069e20008b4e250,cdr.csv
CDR00651,+916271937452,+916081219136,2026-08-17T15:14:00,260,MT,voice,193149190586514,404208776945314,6731,50662,30.75612,76.77382,174b8da268a6cf931a5f8bb5eef0bf7b8eb1c3c7432b9df4e16581263b700437,832279ccb407938aa069e20008b4e250,cdr.csv
CDR00652,+917241904966,+917053315869,2026-08-17T15:06:00,244,MT,voice,850671657262845,404863799650752,6731,50662,30.75612,76.77382,5d91c6022c2f327a3fe38f135cdacc5b6374baa66037cefdad242c8810e51c0b,832279ccb407938aa069e20008b4e250,cdr.csv
CDR00653,+917241904966,+917221969379,2026-08-17T07:22:00,383,MO,voice,850671657262845,404863799650752,6928,21551,30.69241,76.7027,78b843b0e80c1141b891217678abb7eb52b1cb5cbb67b591d2e655d00c35fbe9,832279ccb407938aa069e20008b4e250,cdr.csv
CDR00654,+917241904966,+916784801845,2026-08-17T11:25:00,235,MT,voice,850671657262845,404863799650752,6731,50662,30.75612,76.77382,4c17b5fb98b43f0ddd501825f5d3ae7f2094f0c1d0e0de3a8f2f6c14aa3d143c,832279ccb407938aa069e20008b4e250,cdr.csv
CDR00655,+917241904966,+916569816934,2026-08-17T22:42:00,156,MO,voice,850671657262845,404863799650752,1920,56129,30.70088,76.72725,e60c05307fe76154959115de8591006d36b73648e2e113456865297bc877d7c3,832279ccb407938aa069e20008b4e250,cdr.csv
CDR00656,+918701436349,+917787133150,2026-08-17T17:48:00,224,MT,voice,788568557444310,404455182337498,9307,60394,30.69553,76.75652,96ebcbaac1071f66cac095d0f90c12a3c7a56b062709141660c7f303bef38b69,832279ccb407938aa069e20008b4e250,cdr.csv
CDR00657,+918701436349,+917341316475,2026-08-17T11:09:00,196,MO,voice,788568557444310,404455182337498,9307,60394,30.69553,76.75652,d27d5117f6fd697afc5fd818533ffd92d22593c6b827b67408d7d9eaa701322f,832279ccb407938aa069e20008b4e250,cdr.csv
CDR00658,+918701436349,+916462704828,2026-08-17T17:27:00,325,MO,voice,788568557444310,404455182337498,9307,60394,30.69553,76.75652,1b01a367dd2966a6bf9e4bd127039eeb4cb28575ed6940f8441401900ad8886e,832279ccb407938aa069e20008b4e250,cdr.csv
CDR00659,+918094777520,+917957015430,2026-08-17T20:15:00,336,MO,voice,711671902294137,404108699938677,6053,15952,30.66646,76.80813,c5f1cb0f751357a9899f6b1d89cade16bc176e72efc495701d9b90b17d3edaa2,832279ccb407938aa069e20008b4e250,cdr.csv
CDR00660,+918094777520,+917734670656,2026-08-17T15:49:00,78,MT,voice,711671902294137,404108699938677,6053,15952,30.66646,76.80813,12dc34387a9f64b06e693ca5b3ae83f0df84566465b9e760074267b06887f6a0,832279ccb407938aa069e20008b4e250,cdr.csv
CDR00661,+918094777520,+917221969379,2026-08-17T13:30:00,381,MO,voice,711671902294137,404108699938677,3463,53694,30.64978,76.76963,0edf9b14ad128ca6bf271ff77d3b95f73c1383c037a86177e9ece5b2feba6378,832279ccb407938aa069e20008b4e250,cdr.csv
CDR00662,+918094777520,+917053315869,2026-08-17T13:54:00,322,MO,voice,711671902294137,404108699938677,6053,15952,30.66646,76.80813,aee1439f8e97963cbd313f8c5130dac7fcf3cd4fcb6daa7e3306a5635c6c5d12,832279ccb407938aa069e20008b4e250,cdr.csv
CDR00663,+916936183242,+916784801845,2026-08-17T15:12:00,94,MT,voice,067974034471340,404499401399049,4770,75570,30.70705,76.77017,d5f0f2febe24b6cc3e8977293618862b6bff60b68125a7d4fa38b7429b8f5e90,832279ccb407938aa069e20008b4e250,cdr.csv
CDR00664,+916936183242,+917957015430,2026-08-17T08:24:00,228,MT,voice,067974034471340,404499401399049,3419,40968,30.65234,76.72072,e89c4997c5104c68bc051a0165f39f95bf7d054704f2e5779a528278e8124f0b,832279ccb407938aa069e20008b4e250,cdr.csv
CDR00665,+916936183242,+918277434873,2026-08-17T17:27:00,265,MO,voice,067974034471340,404499401399049,4084,52143,30.7126,76.75016,01ac50295dd732dfd1f486f5dce3c8b5066bb4620abfaeca8d74aa7feff97fb8,832279ccb407938aa069e20008b4e250,cdr.csv
CDR00666,+916936183242,+916462704828,2026-08-17T16:07:00,157,MT,voice,067974034471340,404499401399049,3419,40968,30.65234,76.72072,b38c0f1655f0908a5db5028ed9cb066578aebfc680cbce900ae7288b552f0ced,832279ccb407938aa069e20008b4e250,cdr.csv
CDR00667,+918024994717,+917734670656,2026-08-17T17:57:00,44,MO,voice,067974034471340,404102787429671,2391,16895,30.65867,76.78053,b112d18ffb4f6af5a346ddc0fba9bd9fc06f654d5618076479be652ea960c683,832279ccb407938aa069e20008b4e250,cdr.csv
CDR00668,+918024994717,+916936183242,2026-08-17T13:18:00,261,MT,voice,067974034471340,404102787429671,3419,40968,30.65234,76.72072,b5a8299c60d0e98f8b74e7ce7179320ff8d79adf6b390a8c077d9b645de2cfdd,832279ccb407938aa069e20008b4e250,cdr.csv
CDR00669,+918024994717,+917221969379,2026-08-17T12:16:00,271,MT,voice,067974034471340,404102787429671,3419,40968,30.65234,76.72072,f70183c06fbfc09fc17afb18a74134268282ef343bdfb554e2a645253f4fad6b,832279ccb407938aa069e20008b4e250,cdr.csv
CDR00670,+918024994717,+917911718227,2026-08-17T07:43:00,302,MO,voice,067974034471340,404102787429671,4084,52143,30.7126,76.75016,c95c1d0043695cbab309752922aa749413e59fb99c7ed8e3285b2ed2f57977ad,832279ccb407938aa069e20008b4e250,cdr.csv
CDR00671,+919648877190,+917709521456,2026-08-17T18:15:00,352,MT,voice,067974034471340,404865655125674,4531,77154,30.65366,76.74159,4fff83a1cedc5630ecf2de7fca1c5b98bc6f4c8ce97a98a0775ac307b7ad6a49,832279ccb407938aa069e20008b4e250,cdr.csv
CDR00672,+919648877190,+917957015430,2026-08-17T10:08:00,342,MO,voice,067974034471340,404865655125674,7333,47243,30.67024,76.79219,08fe09067f503f845910a5b66c333b5246271120ebd4fd65c591b185d1e9168e,832279ccb407938aa069e20008b4e250,cdr.csv
CDR00673,+919648877190,+916569816934,2026-08-17T13:45:00,248,MO,voice,067974034471340,404865655125674,4084,52143,30.7126,76.75016,1b6b142c70a78ca8f991c8daed07ab001002af81cc183d50f37c8ef9298f2fd6,832279ccb407938aa069e20008b4e250,cdr.csv
CDR00674,+917859770348,+918094777520,2026-08-17T22:48:00,123,MO,voice,477109324808614,404451712748467,4770,75570,30.70705,76.77017,3239d67b7e6ba9cfd0fc2f11b05015d8112852f62a880be95107b128b248de6e,832279ccb407938aa069e20008b4e250,cdr.csv
CDR00675,+917859770348,+917455623869,2026-08-17T15:57:00,306,MT,voice,477109324808614,404451712748467,3248,43491,30.67473,76.7044,ded1efb0d914607e2a129c24a07c8da946d80504691763eccec1f1406a7727ec,832279ccb407938aa069e20008b4e250,cdr.csv
CDR00676,+917859770348,+918489638346,2026-08-17T20:04:00,267,MT,voice,477109324808614,404451712748467,6321,32527,30.73616,76.76418,31d0e87dc4bec02d8c5c698da7d14b72e9f42f4d352b44578caacfa550db6064,832279ccb407938aa069e20008b4e250,cdr.csv
CDR00677,+919044997278,+916980841241,2026-08-17T15:44:00,86,MT,voice,558867533963601,404497662702895,6626,21053,30.70055,76.71071,6b364f2113582d27fe011c83da7dc736450d1646d198753179e05ee4b01038e5,832279ccb407938aa069e20008b4e250,cdr.csv
CDR00678,+916611724005,+916569816934,2026-08-17T19:31:00,370,MO,voice,158657809134318,404452858842474,8601,83889,30.73119,76.74387,aca741b1715ff01e03ab985757f1435abfb88c7ae826ada2ad5bac5398cd09f0,832279ccb407938aa069e20008b4e250,cdr.csv
CDR00679,+917455623869,+918159212499,2026-08-17T19:25:00,330,MT,voice,158657809134318,404491712368516,8682,67961,30.71577,76.78556,c619d84039cb5c1a40bcb9fdba1d4c88d536822754c191a436c6b6c10d1d7236,832279ccb407938aa069e20008b4e250,cdr.csv
CDR00680,+917455623869,+916980841241,2026-08-17T13:37:00,376,MO,voice,158657809134318,404491712368516,8601,83889,30.73119,76.74387,6aa98b5302ca2e400e921f6367bd932f98aca1eba54a835a3caace19fb8506eb,832279ccb407938aa069e20008b4e250,cdr.csv
CDR00681,+917455623869,+917175946474,2026-08-17T15:19:00,132,MT,voice,158657809134318,404491712368516,8601,83889,30.73119,76.74387,d917a9d225b317be378c91c928b733b25f577b732fbb54827d3c13bcaa2dfdff,832279ccb407938aa069e20008b4e250,cdr.csv
CDR00682,+917455623869,+918489638346,2026-08-17T12:14:00,43,MO,voice,158657809134318,404491712368516,2391,16895,30.65867,76.78053,ba6546422c5fd338d5b47fa959187d42c8bd2c3a8a02073a6d880e8fc64a3771,832279ccb407938aa069e20008b4e250,cdr.csv
CDR00683,+917221969379,+917241904966,2026-08-17T11:17:00,46,MO,voice,158657809134318,404104817549651,8682,67961,30.71577,76.78556,75491221fe664ffcb3394b85230ac8087d4013849eef423062157ab666ab0387,832279ccb407938aa069e20008b4e250,cdr.csv
CDR00684,+917221969379,+917529042284,2026-08-17T10:00:00,352,MT,voice,158657809134318,404104817549651,8682,67961,30.71577,76.78556,b1b75d33fb54060ce3d0c4e3b01fb79f3c9d292ff857c71cb7e76473dcda7be1,832279ccb407938aa069e20008b4e250,cdr.csv
CDR00685,+917374740748,+917957015430,2026-08-17T15:46:00,88,MT,voice,158657809134318,404457098593174,8682,67961,30.71577,76.78556,fc9ea1e2add87db2e5850eca297fba141171364d9e86f6df4e1241bd6573b16a,832279ccb407938aa069e20008b4e250,cdr.csv
CDR00686,+917374740748,+916936183242,2026-08-17T08:40:00,25,MT,voice,158657809134318,404457098593174,8682,67961,30.71577,76.78556,bdca106d60d6906738698acbe297af4a2e445dd2f3fd88efc09b1c2ba9335c75,832279ccb407938aa069e20008b4e250,cdr.csv
CDR00687,+917374740748,+917053315869,2026-08-17T15:01:00,295,MO,voice,158657809134318,404457098593174,2391,16895,30.65867,76.78053,2d4cfc0c5fc8325f3332c1da325ee6fa75f871c57db69b7e19748732adf9e916,832279ccb407938aa069e20008b4e250,cdr.csv
CDR00688,+917175946474,+916271937452,2026-08-17T13:52:00,246,MO,voice,158657809134318,404861200471138,8682,67961,30.71577,76.78556,52e979b1050a21837532101ddc98b15d86f7d6bb30d47eab1056e5ac844ac3b5,832279ccb407938aa069e20008b4e250,cdr.csv
CDR00689,+917175946474,+916611724005,2026-08-17T11:28:00,138,MT,voice,158657809134318,404861200471138,9691,38197,30.68514,76.74444,739ba3b9746e013a5e025e39ba93a41ab1d6312a3c75c2466ff77619b602958b,832279ccb407938aa069e20008b4e250,cdr.csv
CDR00690,+917175946474,+917957015430,2026-08-17T22:11:00,255,MO,voice,158657809134318,404861200471138,8682,67961,30.71577,76.78556,88b6c64ded47fb87e4e4ffa3d77e3baa5b5a747a2bf48af47f8f93da3fd6da8c,832279ccb407938aa069e20008b4e250,cdr.csv
CDR00691,+917175946474,+916569816934,2026-08-17T22:46:00,112,MT,voice,158657809134318,404861200471138,3248,43491,30.67473,76.7044,3280ab68d82831f9ac922fb1f8175e5ccc05033f1d0b1dc7c1c05b91f04e07f2,832279ccb407938aa069e20008b4e250,cdr.csv
CDR00692,+918671369594,+916611724005,2026-08-17T13:04:00,93,MO,voice,158657809134318,404456758692617,9691,38197,30.68514,76.74444,6f4d165b52566efd2badad15458ff3f0c055fbf36093f96c351dbc62529247c0,832279ccb407938aa069e20008b4e250,cdr.csv
CDR00693,+918671369594,+916611724005,2026-08-17T10:46:00,289,MO,voice,158657809134318,404456758692617,8682,67961,30.71577,76.78556,414bbc3127499e2a13f2031c88b175fc1e65d337bb894a4c9822fd359def7d67,832279ccb407938aa069e20008b4e250,cdr.csv
CDR00694,+917064090974,+919044997278,2026-08-17T19:01:00,76,MO,voice,158657809134318,404206405377351,2391,16895,30.65867,76.78053,fd57c9afbf06008b8e830e3d5439a7992c0530db5d98fe3738f2efddcedaa1f9,832279ccb407938aa069e20008b4e250,cdr.csv
CDR00695,+918953394210,+917787133150,2026-08-17T14:49:00,62,MT,voice,158657809134318,404498506431713,2391,16895,30.65867,76.78053,99b0d5e28fe53b9aa129446fa99e766fd895a87d31d8933ab7d03db96c64efcc,832279ccb407938aa069e20008b4e250,cdr.csv
CDR00696,+917709521456,+919104332181,2026-08-17T10:34:00,396,MT,voice,158657809134318,404200053293183,8682,67961,30.71577,76.78556,8eae74b8e1f2dd140916f03ae3bc7375e7d456e9195be3a73fa20d182123dd91,832279ccb407938aa069e20008b4e250,cdr.csv
CDR00697,+917529042284,+917787133150,2026-08-17T22:48:00,308,MT,voice,102053950240266,404201177589178,2234,33218,30.75416,76.76535,487177709c6eacf669f460e13ef624235092532a4f6323c39d6f4f4fc8f1214b,832279ccb407938aa069e20008b4e250,cdr.csv
CDR00698,+917529042284,+918024994717,2026-08-17T22:09:00,144,MO,voice,102053950240266,404201177589178,2234,33218,30.75416,76.76535,12f18e1ffaaaaa4224bfc522300a6cd76419c14e31f6b14282275e15d4bb47e3,832279ccb407938aa069e20008b4e250,cdr.csv
CDR00699,+918159212499,+917341316475,2026-08-17T08:06:00,298,MT,voice,698478961183676,404456576615654,8601,83889,30.73119,76.74387,71d0827e53aaa27f6dd985548207983224a51d0ae6ed68227744142bb7962feb,832279ccb407938aa069e20008b4e250,cdr.csv
CDR00700,+917049451983,+919104332181,2026-08-17T14:01:00,136,MT,voice,731585149368996,404200940244550,4531,77154,30.65366,76.74159,e58af66181c4cb2cb46262b988e10c579cec425d48e5e55c678092c340a7b9a1,832279ccb407938aa069e20008b4e250,cdr.csv
CDR00701,+917049451983,+918701436349,2026-08-17T14:58:00,370,MT,voice,731585149368996,404200940244550,3248,43491,30.67473,76.7044,ebc554baa18705a5df146f9930677de76d4e0d1b23233c06518ad972929f1184,832279ccb407938aa069e20008b4e250,cdr.csv
CDR00702,+919104332181,+918701436349,2026-08-18T10:05:00,73,MO,voice,001338908386376,404204026542351,8138,87184,30.68805,76.69944,c1135c3c4c142acef9dec2a95099fc2b6113841ae890611174125909d925a260,832279ccb407938aa069e20008b4e250,cdr.csv
CDR00703,+919104332181,+917455623869,2026-08-18T10:31:00,339,MO,voice,001338908386376,404204026542351,8138,87184,30.68805,76.69944,de85c466fda389f9658f2c88a12a4fef6b40bd6c529e5757106e48c494830982,832279ccb407938aa069e20008b4e250,cdr.csv
CDR00704,+919104332181,+916784801845,2026-08-18T16:54:00,235,MO,voice,001338908386376,404204026542351,3842,88957,30.65834,76.7811,35c60f299bf47823757f85a74fceef3c6e15f3cbf703a7a953ebd758864e2480,832279ccb407938aa069e20008b4e250,cdr.csv
CDR00705,+919104332181,+918159212499,2026-08-18T19:07:00,120,MT,voice,001338908386376,404204026542351,3419,40968,30.65234,76.72072,4fd8b392e6a41435bfb1ff5d0c9f050e797d7e54c2d0681770f9e824cf39b86f,832279ccb407938aa069e20008b4e250,cdr.csv
CDR00706,+917341316475,+917455623869,2026-08-18T19:00:00,211,MO,voice,553419283276486,404455030564139,9149,66446,30.66108,76.73562,b12aa475a376d5019d3755e217fe7fb73ac5a1f917f9e73c057bfbec00f26b57,832279ccb407938aa069e20008b4e250,cdr.csv
CDR00707,+917341316475,+916271937452,2026-08-18T16:53:00,232,MO,voice,553419283276486,404455030564139,8601,83889,30.73119,76.74387,053a2c69c7e34a9e09c54809a7e76dd78b0625a4cf43205465649dc30c6fbbed,832279ccb407938aa069e20008b4e250,cdr.csv
CDR00708,+917341316475,+916784801845,2026-08-18T07:01:00,98,MT,voice,553419283276486,404455030564139,9307,60394,30.69553,76.75652,f26ff438b25cae2a4c0ba44c022b718b4128b07ece6b6ffcac76b82fbf3b3895,832279ccb407938aa069e20008b4e250,cdr.csv
CDR00709,+917341316475,+916936183242,2026-08-18T17:10:00,312,MT,voice,553419283276486,404455030564139,4176,55793,30.68213,76.80499,f34004471a825d4ad05d51b446dab29575d52275ad9803a4d5707f616065dddf,832279ccb407938aa069e20008b4e250,cdr.csv
CDR00710,+916784801845,+916611724005,2026-08-18T08:51:00,315,MT,voice,287101226916693,404203010310518,6053,15952,30.66646,76.80813,be65e983d58291d5daca6ec5318919e6720895ec939aebe133601f0ea37f10ae,832279ccb407938aa069e20008b4e250,cdr.csv
CDR00711,+916784801845,+917053315869,2026-08-18T19:57:00,182,MO,voice,287101226916693,404203010310518,4770,75570,30.70705,76.77017,4fe42500b0c4b05d83f0516f3c3af02d5d5f5ef59a9c494430062ba519da727c,832279ccb407938aa069e20008b4e250,cdr.csv
CDR00712,+916462704828,+918953394210,2026-08-18T10:40:00,315,MT,voice,287101226916693,404454738299737,4770,75570,30.70705,76.77017,561d9a467e31ee2520b7c5d93826a6bd0856cbbf12e7f75e1c4b6497f93c8560,832279ccb407938aa069e20008b4e250,cdr.csv
CDR00713,+916462704828,+918159212499,2026-08-18T12:20:00,124,MO,voice,287101226916693,404454738299737,6295,92210,30.67794,76.74277,5789a7cb479ea71d71db3f0a24ecbfb627efe2f9682d3c8b30f9de26a2b9ca50,832279ccb407938aa069e20008b4e250,cdr.csv
CDR00714,+916489325288,+916081219136,2026-08-18T07:39:00,382,MO,voice,287101226916693,404863116566701,4770,75570,30.70705,76.77017,f3adbae083c4e43582b0e72d18d60b0b36ddbc88868aa6afd644045966a2f933,832279ccb407938aa069e20008b4e250,cdr.csv
CDR00715,+917957015430,+917175946474,2026-08-18T18:11:00,142,MO,voice,287101226916693,404106513338726,1897,11007,30.66453,76.80344,249ec031d9bf0053600a2c7bd94177194f20dd686b54908fcd8f55b827590752,832279ccb407938aa069e20008b4e250,cdr.csv
CDR00716,+917957015430,+917734670656,2026-08-18T19:49:00,153,MO,voice,287101226916693,404106513338726,4770,75570,30.70705,76.77017,f92350c146247b91cd8033dddc018401b3430d8fdafbb892ca789891fa1a3dee,832279ccb407938aa069e20008b4e250,cdr.csv
CDR00717,+918489638346,+917175946474,2026-08-18T10:06:00,92,MT,voice,287101226916693,404103267736026,4770,75570,30.70705,76.77017,365064ebe53fcbd73131b26561740aeb0c1b2d9a965b88d3551d5700c8092bfe,832279ccb407938aa069e20008b4e250,cdr.csv
CDR00718,+917787133150,+916489325288,2026-08-18T22:54:00,205,MO,voice,287101226916693,404106474687234,6053,15952,30.66646,76.80813,f287beeb285d1cbf5d438b765534915a0ecf77de9f93887cc216958ca06557f2,832279ccb407938aa069e20008b4e250,cdr.csv
CDR00719,+916081219136,+917455623869,2026-08-18T09:31:00,340,MO,voice,939909169985432,404493462475107,5640,98895,30.72142,76.7484,a60041336a1c460b4bca2cbbe75f6fe3b3a57b009dee8268f603e85beb0d51c9,832279ccb407938aa069e20008b4e250,cdr.csv
CDR00720,+916980841241,+916936183242,2026-08-18T21:51:00,102,MO,voice,824493534874017,404864005242786,9624,22249,30.71752,76.74081,73898313f675faaf490321cc4cebbf1787731e1682cd66f8dd13d15f945642a3,832279ccb407938aa069e20008b4e250,cdr.csv
CDR00721,+916980841241,+917049451983,2026-08-18T08:07:00,195,MT,voice,824493534874017,404864005242786,3463,53694,30.64978,76.76963,81a18c150f8fd49ec77ba26b9b1e58f61b800996844e6023e956fcced7b9342f,832279ccb407938aa069e20008b4e250,cdr.csv
CDR00722,+916980841241,+917529042284,2026-08-18T07:10:00,287,MT,voice,824493534874017,404864005242786,9624,22249,30.71752,76.74081,633375b5009c57ddcb8c88355c7d6ac659b0bf9e5c30b1be3d78b2aa63137470,832279ccb407938aa069e20008b4e250,cdr.csv
CDR00723,+916980841241,+917341316475,2026-08-18T07:33:00,282,MO,voice,824493534874017,404864005242786,9624,22249,30.71752,76.74081,a35802f9ef0d04f419acf6ecc8c29b9bfee4f12045a08171a94a5f1ba20d6533,832279ccb407938aa069e20008b4e250,cdr.csv
CDR00724,+917053315869,+918738721489,2026-08-18T07:20:00,90,MO,voice,322602563421605,404863375433036,7421,26901,30.7114,76.80256,76670cda3719e9031849ba8cbcb5c4a5af2a46f82a7f75584967a1cbf47c02d0,832279ccb407938aa069e20008b4e250,cdr.csv
CDR00725,+916569816934,+917241904966,2026-08-18T15:30:00,122,MO,voice,608835615951489,404496564823662,9624,22249,30.71752,76.74081,f2408ec7e38e609a1827f346965327ddfd10fc475c4949b39d6fd00e514a3b0d,832279ccb407938aa069e20008b4e250,cdr.csv
CDR00726,+916569816934,+918701436349,2026-08-18T21:47:00,273,MT,voice,608835615951489,404496564823662,3248,43491,30.67473,76.7044,a8808d9aa699e4e2fb589dfa5bcc80c17063d4ceee9fc7139482fad6791942e0,832279ccb407938aa069e20008b4e250,cdr.csv
CDR00727,+918738721489,+916271937452,2026-08-18T12:12:00,371,MT,voice,134332003791762,404203676320163,8601,83889,30.73119,76.74387,c07a2c1b78937bc874b862180e2fd336947ddbb4430b598b537b03ed6ccac3f4,832279ccb407938aa069e20008b4e250,cdr.csv
CDR00728,+918738721489,+918094777520,2026-08-18T12:50:00,125,MT,voice,134332003791762,404203676320163,7421,26901,30.7114,76.80256,c75c79de8db1af3adea47af1d4d2cb313aa4d299a3c5f1d9d09711696774d720,832279ccb407938aa069e20008b4e250,cdr.csv
CDR00729,+918277434873,+917241904966,2026-08-18T17:39:00,75,MT,voice,714345581223625,404451665876036,1920,56129,30.70088,76.72725,ba3561dfaa494679f4e429cfea67022a2b8d0698973bbc54ecc2ade1baba29a9,832279ccb407938aa069e20008b4e250,cdr.csv
CDR00730,+918277434873,+919648877190,2026-08-18T18:57:00,343,MO,voice,714345581223625,404451665876036,8682,67961,30.71577,76.78556,4f1848444404eb308c77332c4917289ca9282fb04eb57dd8db3ebaa940769a9c,832279ccb407938aa069e20008b4e250,cdr.csv
CDR00731,+918277434873,+918953394210,2026-08-18T15:37:00,229,MT,voice,714345581223625,404451665876036,8147,12456,30.69517,76.69934,dcae07dd121d35ce772da4f2dce2d99986d3b92c3aa25eb59c8aaedd451740d9,832279ccb407938aa069e20008b4e250,cdr.csv
CDR00732,+918277434873,+917709521456,2026-08-18T18:25:00,35,MO,voice,714345581223625,404451665876036,8682,67961,30.71577,76.78556,5e3f079d8acd343fb831fcbb8e0bcf7909d450a7655f3a62e491edec438d2296,832279ccb407938aa069e20008b4e250,cdr.csv
CDR00733,+917734670656,+917053315869,2026-08-18T18:15:00,57,MO,voice,729806990162729,404104653755646,6129,85465,30.69151,76.73853,a38c86a2bfccdca589e7bdb6d3660fce3eed58b3c9b465069d536a85d84ff483,832279ccb407938aa069e20008b4e250,cdr.csv
CDR00734,+917734670656,+916081219136,2026-08-18T17:07:00,24,MT,voice,729806990162729,404104653755646,3842,88957,30.65834,76.7811,467a2f777bd3a4fc1acb10e112f68de53f129669b85c1246ce6a712d37c15186,832279ccb407938aa069e20008b4e250,cdr.csv
CDR00735,+917734670656,+918024994717,2026-08-18T13:29:00,310,MT,voice,729806990162729,404104653755646,4770,75570,30.70705,76.77017,c09a2bc9138adcf3ea3604f36fd5d6d31c391524a0fad8e76b823d544cda169c,832279ccb407938aa069e20008b4e250,cdr.csv
CDR00736,+917734670656,+916489325288,2026-08-18T19:18:00,328,MO,voice,729806990162729,404104653755646,6129,85465,30.69151,76.73853,0a514bb2429af1e9a82ea863de360ee233115b731ab0513d519e43fa4868f47d,832279ccb407938aa069e20008b4e250,cdr.csv
CDR00737,+916271937452,+916489325288,2026-08-18T20:43:00,242,MT,voice,193149190586514,404208776945314,6731,50662,30.75612,76.77382,be133e7c12bb3b9e5295e95e41dc8958c37a1a86e820a7b52d664b334d7084c1,832279ccb407938aa069e20008b4e250,cdr.csv
CDR00738,+916271937452,+916569816934,2026-08-18T08:51:00,272,MT,voice,193149190586514,404208776945314,6321,32527,30.73616,76.76418,0d3b7db88230cd2c4e38ebe09b7908af121cd0793c81e755f73072cce5266031,832279ccb407938aa069e20008b4e250,cdr.csv
CDR00739,+916271937452,+917455623869,2026-08-18T10:07:00,251,MO,voice,193149190586514,404208776945314,1920,56129,30.70088,76.72725,e0f8760727bc6a1a5916b71705ab5ba430c52159b51e1f281cc89d294888ebc5,832279ccb407938aa069e20008b4e250,cdr.csv
CDR00740,+917241904966,+917734670656,2026-08-18T07:18:00,29,MO,voice,850671657262845,404863799650752,6731,50662,30.75612,76.77382,2512abb950813edf946152cd2dacc329d988bc772d109920bd2a072dfdde8d83,832279ccb407938aa069e20008b4e250,cdr.csv
CDR00741,+917241904966,+917787133150,2026-08-18T19:02:00,293,MO,voice,850671657262845,404863799650752,6731,50662,30.75612,76.77382,f62a3608aa7873dd61eb0f6754fff64dbc78bfce6a810b4d8d766e4757c1a6e0,832279ccb407938aa069e20008b4e250,cdr.csv
CDR00742,+917241904966,+916489325288,2026-08-18T22:06:00,232,MT,voice,850671657262845,404863799650752,3842,88957,30.65834,76.7811,ea21367e712dde5e29731af709a72ca3bae96c6aad3a148850b98e6b2f9b7b1e,832279ccb407938aa069e20008b4e250,cdr.csv
CDR00743,+917241904966,+919648877190,2026-08-18T19:05:00,304,MT,voice,850671657262845,404863799650752,6731,50662,30.75612,76.77382,436bbbd74f8164a69805173ca25c6f45f1ad7e13b30f99625521250a85c15237,832279ccb407938aa069e20008b4e250,cdr.csv
CDR00744,+918701436349,+918094777520,2026-08-18T21:31:00,348,MO,voice,788568557444310,404455182337498,3248,43491,30.67473,76.7044,efcd4b719846430d7cf7fb65bfc525fb3795b742f94f25a304fad3fcdaa89a73,832279ccb407938aa069e20008b4e250,cdr.csv
CDR00745,+918701436349,+917911718227,2026-08-18T07:14:00,44,MO,voice,788568557444310,404455182337498,9307,60394,30.69553,76.75652,ab80970b12b0d13af235faba4d071241fa273cbe3cf3167d1ab85bf4b78e95bc,832279ccb407938aa069e20008b4e250,cdr.csv
CDR00746,+918701436349,+917221969379,2026-08-18T14:10:00,65,MO,voice,788568557444310,404455182337498,7697,54350,30.72147,76.69628,9685ccbc1d36abd1289792ec27a31745ef7a31b8f7f98d3993fa11bdb55828ff,832279ccb407938aa069e20008b4e250,cdr.csv
CDR00747,+918701436349,+917859770348,2026-08-18T07:59:00,372,MO,voice,788568557444310,404455182337498,7697,54350,30.72147,76.69628,ceaa7cad10f840bb382ae1d1a226cd4b7e803ea375b7e9bddee89510265cc2b3,832279ccb407938aa069e20008b4e250,cdr.csv
CDR00748,+918094777520,+918489638346,2026-08-18T08:19:00,58,MT,voice,711671902294137,404108699938677,3463,53694,30.64978,76.76963,e4e19d090be6d31d1d3823f4b68f9138a4b5c85f3052b27eaef257dcd40bfc04,832279ccb407938aa069e20008b4e250,cdr.csv
CDR00749,+916936183242,+917241904966,2026-08-18T12:59:00,90,MT,voice,067974034471340,404499401399049,6083,54500,30.66659,76.78349,f339f34706e9a3522db6eacefb66ba3dd6346a55542255ece4563d0ffc4a293b,832279ccb407938aa069e20008b4e250,cdr.csv
CDR00750,+916936183242,+916081219136,2026-08-18T20:40:00,248,MO,voice,067974034471340,404499401399049,3419,40968,30.65234,76.72072,480af1eed73faa5700aca2b8917427bd94deceb7ac3ce844ea5386a186cf4658,832279ccb407938aa069e20008b4e250,cdr.csv
CDR00751,+916936183242,+917049451983,2026-08-18T22:42:00,270,MT,voice,067974034471340,404499401399049,4084,52143,30.7126,76.75016,b8f691913cc0fc9bcfc81d037b5229c55fbf8f08dddfe1c9375422b98dc6c379,832279ccb407938aa069e20008b4e250,cdr.csv
CDR00752,+916936183242,+918671369594,2026-08-18T14:05:00,155,MT,voice,067974034471340,404499401399049,3419,40968,30.65234,76.72072,a2a27ae90876adea972d5da85319668b124bac2582e3b03a229a03d1e795657a,832279ccb407938aa069e20008b4e250,cdr.csv
CDR00753,+918024994717,+918738721489,2026-08-18T09:04:00,273,MO,voice,067974034471340,404102787429671,4084,52143,30.7126,76.75016,42d0e4665d6e04349703cf24624445dc776f8a702f8253b0b38ca5989a0881bb,832279ccb407938aa069e20008b4e250,cdr.csv
CDR00754,+918024994717,+918738721489,2026-08-18T21:52:00,217,MO,voice,067974034471340,404102787429671,3419,40968,30.65234,76.72072,12239f4b4595f82c40bbd084f94d95379f74761f5bea858cbdd39c230ebb5f2a,832279ccb407938aa069e20008b4e250,cdr.csv
CDR00755,+919648877190,+917709521456,2026-08-18T17:48:00,179,MT,voice,067974034471340,404865655125674,5640,98895,30.72142,76.7484,295d5254d6dacacab02cbfcd2c62c33728d1c3e4320649e87cebfc53e6fd7ad9,832279ccb407938aa069e20008b4e250,cdr.csv
CDR00756,+919648877190,+918953394210,2026-08-18T10:58:00,86,MO,voice,067974034471340,404865655125674,4531,77154,30.65366,76.74159,540f9b8757a4af10c83194acf8702897942e68a91d34f2b9b37b04965c1c5ec6,832279ccb407938aa069e20008b4e250,cdr.csv
CDR00757,+917859770348,+918953394210,2026-08-18T13:49:00,224,MO,voice,477109324808614,404451712748467,6295,92210,30.67794,76.74277,a5a15feb90b7ed0f7dd5cfa4527ccafe45ec3711c827fc231bbc862cd5de32ee,832279ccb407938aa069e20008b4e250,cdr.csv
CDR00758,+917859770348,+916980841241,2026-08-18T16:55:00,315,MO,voice,477109324808614,404451712748467,6928,21551,30.69241,76.7027,417c843e831219dcf35d6e2b7289460ddd4a5d54b96f4f568bf5ee9bf5069681,832279ccb407938aa069e20008b4e250,cdr.csv
CDR00759,+917859770348,+918489638346,2026-08-18T14:01:00,255,MO,voice,477109324808614,404451712748467,3248,43491,30.67473,76.7044,050d1eb21590a9a483ecc09ce929fecf8a8fc2f9a2655bc1e653c507822aba83,832279ccb407938aa069e20008b4e250,cdr.csv
CDR00760,+917859770348,+917709521456,2026-08-18T21:22:00,155,MO,voice,477109324808614,404451712748467,6928,21551,30.69241,76.7027,841ee66f8cf5ca5aa255b5267d5ce267d056cb4dde459a4fbb2d80117ab3c771,832279ccb407938aa069e20008b4e250,cdr.csv
CDR00761,+919044997278,+917221969379,2026-08-18T13:09:00,223,MT,voice,558867533963601,404497662702895,8682,67961,30.71577,76.78556,4860fcddff733d7b4d2001993bcfd2f601f4a595d3a9ce570280a6bbd23e17fc,832279ccb407938aa069e20008b4e250,cdr.csv
CDR00762,+919044997278,+917374740748,2026-08-18T15:23:00,70,MO,voice,558867533963601,404497662702895,7947,73656,30.71285,76.7397,3e45d12d5049eda721b213862d68845c79cea2ce2240aafc8cebd7675bdbdf3e,832279ccb407938aa069e20008b4e250,cdr.csv
CDR00763,+919044997278,+917221969379,2026-08-18T13:18:00,116,MT,voice,558867533963601,404497662702895,8682,67961,30.71577,76.78556,2875d731c1562b68717c77445e7b0f324a9a0e866b104184b343b3cc3f3657bb,832279ccb407938aa069e20008b4e250,cdr.csv
CDR00764,+916611724005,+917709521456,2026-08-18T20:06:00,368,MO,voice,158657809134318,404452858842474,8682,67961,30.71577,76.78556,39354d51a1235fa998f054e2a334c0eb9dd369c71236633009441258d55377cd,832279ccb407938aa069e20008b4e250,cdr.csv
CDR00765,+916611724005,+918277434873,2026-08-18T10:03:00,38,MT,voice,158657809134318,404452858842474,8601,83889,30.73119,76.74387,5a9c6f4c5f0d816c96d3f021345b577a80af46c790e25aaa2d0ecb18ef7193e7,832279ccb407938aa069e20008b4e250,cdr.csv
CDR00766,+916611724005,+917911718227,2026-08-18T15:14:00,337,MT,voice,158657809134318,404452858842474,8682,67961,30.71577,76.78556,9d131a00a4814b93270496e635fdb75c0c4aedd9a8033e7013d086bdc36bb17c,832279ccb407938aa069e20008b4e250,cdr.csv
CDR00767,+916611724005,+918277434873,2026-08-18T15:31:00,125,MO,voice,158657809134318,404452858842474,8682,67961,30.71577,76.78556,b2b4d77770a533aa417aa399d87cb26276e64115d6cfaaa970bb95759cbe31b4,832279ccb407938aa069e20008b4e250,cdr.csv
CDR00768,+917455623869,+918701436349,2026-08-18T07:06:00,114,MT,voice,158657809134318,404491712368516,2391,16895,30.65867,76.78053,da8e316ac8dda86892d2f6841efdf5455bf26639df6575401e9d07655f630560,832279ccb407938aa069e20008b4e250,cdr.csv
CDR00769,+917455623869,+917734670656,2026-08-18T12:20:00,368,MO,voice,158657809134318,404491712368516,8682,67961,30.71577,76.78556,e9a488a9fd896b3a90424157ac1a31cbaee7b30772a530d23b83a9fce17f9a11,832279ccb407938aa069e20008b4e250,cdr.csv
CDR00770,+917455623869,+917175946474,2026-08-18T11:00:00,361,MT,voice,158657809134318,404491712368516,8682,67961,30.71577,76.78556,4e1924c89ac2237573ddd30be7ef6b0176360c6a640c2696dfd3e22f41f23f82,832279ccb407938aa069e20008b4e250,cdr.csv
CDR00771,+917221969379,+916271937452,2026-08-18T09:10:00,367,MO,voice,158657809134318,404104817549651,9691,38197,30.68514,76.74444,350016c399e2aa4ca9a3c7dc7e7e210aeeec59c78d5b1334304f9ad234e76b2d,832279ccb407938aa069e20008b4e250,cdr.csv
CDR00772,+917221969379,+919104332181,2026-08-18T22:55:00,146,MT,voice,158657809134318,404104817549651,9691,38197,30.68514,76.74444,e5c166d8d36dba5ed9ac450453134b2e0983075f966ec7a0d3023b3309bad1b9,832279ccb407938aa069e20008b4e250,cdr.csv
CDR00773,+917374740748,+918277434873,2026-08-18T12:48:00,95,MO,voice,158657809134318,404457098593174,9624,22249,30.71752,76.74081,ec37d096e82b90a6cf13b7d47e4396265a701c6f360fc44aa8b6c57e6a37aefd,832279ccb407938aa069e20008b4e250,cdr.csv
CDR00774,+917374740748,+918024994717,2026-08-18T21:31:00,396,MT,voice,158657809134318,404457098593174,8682,67961,30.71577,76.78556,a9ab01f4752d5fd1512896fed6c98dc9ca0ee7e40d552c904e3ce629d76ef284,832279ccb407938aa069e20008b4e250,cdr.csv
CDR00775,+917374740748,+917064090974,2026-08-18T15:23:00,254,MO,voice,158657809134318,404457098593174,8682,67961,30.71577,76.78556,cc586dde76ff5df94aa358d505ee1a91df3264936c46c47a56fba3b494d1ff64,832279ccb407938aa069e20008b4e250,cdr.csv
CDR00776,+917175946474,+917709521456,2026-08-18T22:07:00,158,MO,voice,158657809134318,404861200471138,9691,38197,30.68514,76.74444,2377fd77f025d02a7d8c51a629cfdc9be59c61ba749c84496d069a9bcee9cf38,832279ccb407938aa069e20008b4e250,cdr.csv
CDR00777,+917175946474,+918277434873,2026-08-18T11:22:00,274,MO,voice,158657809134318,404861200471138,2391,16895,30.65867,76.78053,26ba6a26222b7f365f000d019bdc14ead7c4b1bab3ec5885449acfe01950e515,832279ccb407938aa069e20008b4e250,cdr.csv
CDR00778,+917175946474,+917221969379,2026-08-18T18:13:00,65,MO,voice,158657809134318,404861200471138,9691,38197,30.68514,76.74444,f141a0fe2edbfaf2828e3bad1f4f5d539154c9677121420aaf1e4e3cb2512d05,832279ccb407938aa069e20008b4e250,cdr.csv
CDR00779,+918671369594,+917241904966,2026-08-18T21:56:00,289,MO,voice,158657809134318,404456758692617,2391,16895,30.65867,76.78053,7db97685cb1369b682ea1e52ea2442be1130f724f1804f3ed45c3b5d58a7dafb,832279ccb407938aa069e20008b4e250,cdr.csv
CDR00780,+917064090974,+918024994717,2026-08-18T19:37:00,233,MT,voice,158657809134318,404206405377351,8682,67961,30.71577,76.78556,1b00bc501339e23fe3c8f8a0ae728872bad6b03837e822703db5497d3bfde54e,832279ccb407938aa069e20008b4e250,cdr.csv
CDR00781,+917064090974,+917709521456,2026-08-18T17:53:00,333,MO,voice,158657809134318,404206405377351,9691,38197,30.68514,76.74444,a928e1ca0f3f2a110ac2886c3ffb22610b5bb211f7dff8b2e416b42dc6940d85,832279ccb407938aa069e20008b4e250,cdr.csv
CDR00782,+917064090974,+917049451983,2026-08-18T18:18:00,76,MO,voice,158657809134318,404206405377351,2391,16895,30.65867,76.78053,772f7f24cd5d7a3dd6cd407d2fe1b25eecc9c168301b95b251603606b39f2c56,832279ccb407938aa069e20008b4e250,cdr.csv
CDR00783,+918953394210,+917175946474,2026-08-18T11:33:00,168,MO,voice,158657809134318,404498506431713,8682,67961,30.71577,76.78556,e580c7b4bf9773083e3831cd47424272e0b2b07938be3e4099ede1faafb846b4,832279ccb407938aa069e20008b4e250,cdr.csv
CDR00784,+918953394210,+916489325288,2026-08-18T16:00:00,252,MO,voice,158657809134318,404498506431713,8601,83889,30.73119,76.74387,470240fef0297614782d18d7dd4f90908489e7de5c464d716a40a825e2b6ea6e,832279ccb407938aa069e20008b4e250,cdr.csv
CDR00785,+917709521456,+916462704828,2026-08-18T22:19:00,22,MT,voice,158657809134318,404200053293183,8682,67961,30.71577,76.78556,ecfa6fd4093598197e2bd5e34cdd728cced1a75f50fd5c178eb85c86fea7ed2b,832279ccb407938aa069e20008b4e250,cdr.csv
CDR00786,+917529042284,+916271937452,2026-08-18T11:22:00,165,MO,voice,102053950240266,404201177589178,3842,88957,30.65834,76.7811,efe55bac97080d21837cc627a5257ff15f61154f2313de7bf5dceb1e8c09ce80,832279ccb407938aa069e20008b4e250,cdr.csv
CDR00787,+918159212499,+916081219136,2026-08-18T13:27:00,319,MO,voice,698478961183676,404456576615654,3419,40968,30.65234,76.72072,2bd83fdc63c7fdc84c91a6984287080c2cec2d0b07a586818aea7082570b23fb,832279ccb407938aa069e20008b4e250,cdr.csv
CDR00788,+918159212499,+918671369594,2026-08-18T18:15:00,367,MT,voice,698478961183676,404456576615654,3419,40968,30.65234,76.72072,2fa9f8b9bdb65719f25bf8b1b324f08556820e01b8ebe6fa2290c1aae95cc266,832279ccb407938aa069e20008b4e250,cdr.csv
CDR00789,+918159212499,+916271937452,2026-08-18T16:38:00,179,MO,voice,698478961183676,404456576615654,3419,40968,30.65234,76.72072,b2b2e268b4d500c55030a4ae096a685e4e62ca6f59406f0a370487858147d114,832279ccb407938aa069e20008b4e250,cdr.csv
CDR00790,+917049451983,+916569816934,2026-08-18T15:08:00,233,MO,voice,731585149368996,404200940244550,4531,77154,30.65366,76.74159,1c8f11cce01ce5ae0ae60b36db5bed3d2d84e4d549ba40541156b80b8c619171,832279ccb407938aa069e20008b4e250,cdr.csv
CDR00791,+917049451983,+918094777520,2026-08-18T21:34:00,113,MT,voice,731585149368996,404200940244550,1897,11007,30.66453,76.80344,65a9b296ba551d119c5f9e235a2dfdc6f906af9bc86048ceaae6f73d4a4a05c0,832279ccb407938aa069e20008b4e250,cdr.csv
CDR00792,+919104332181,+917241904966,2026-08-19T17:04:00,245,MO,voice,001338908386376,404204026542351,3419,40968,30.65234,76.72072,8dc13a51234aca8ee7b3ebb6ef810806168f56d037d4ae40299db87657335b68,832279ccb407938aa069e20008b4e250,cdr.csv
CDR00793,+917341316475,+917064090974,2026-08-19T11:14:00,342,MO,voice,553419283276486,404455030564139,9307,60394,30.69553,76.75652,77b372cb4979ec127afdaa725b36559465ebfeb90d3c2186fd51b476078018ea,832279ccb407938aa069e20008b4e250,cdr.csv
CDR00794,+917341316475,+916462704828,2026-08-19T14:07:00,355,MO,voice,553419283276486,404455030564139,9307,60394,30.69553,76.75652,c1c612dc4c5f0c53e24a18edb90c69e573cb57560cc37fb5fb55160092ac12fe,832279ccb407938aa069e20008b4e250,cdr.csv
CDR00795,+917341316475,+917374740748,2026-08-19T17:02:00,303,MO,voice,553419283276486,404455030564139,6072,83259,30.6852,76.785,99dcfcc98a0ac5ffb3a55c7775abd5808b1e8ff950a404adb82b7e187222a88e,832279ccb407938aa069e20008b4e250,cdr.csv
CDR00796,+916784801845,+916271937452,2026-08-19T07:43:00,200,MO,voice,287101226916693,404203010310518,4770,75570,30.70705,76.77017,6252350cdc4ad677bc9e3d1e2fcc00ade880773627f1dea1a0449bb9e33b09bc,832279ccb407938aa069e20008b4e250,cdr.csv
CDR00797,+916784801845,+917911718227,2026-08-19T09:32:00,247,MO,voice,287101226916693,404203010310518,4770,75570,30.70705,76.77017,81beb4aa479aebc247cc5090ed0da04e54c1bd9ee0ee6eee1d45ecdf92c98cb0,832279ccb407938aa069e20008b4e250,cdr.csv
CDR00798,+916784801845,+918738721489,2026-08-19T17:36:00,210,MT,voice,287101226916693,404203010310518,6295,92210,30.67794,76.74277,a1d3cc91f00e34849676f8dbaba1828879d6691ed9ead8d5e8506d449a0ccf13,832279ccb407938aa069e20008b4e250,cdr.csv
CDR00799,+916462704828,+916081219136,2026-08-19T07:20:00,330,MT,voice,287101226916693,404454738299737,6053,15952,30.66646,76.80813,89a73090438ea6836ee0565394b45e2da6822688a8692dc44e4094e5e15fc7d1,832279ccb407938aa069e20008b4e250,cdr.csv
CDR00800,+916462704828,+917859770348,2026-08-19T22:18:00,338,MO,voice,287101226916693,404454738299737,4770,75570,30.70705,76.77017,2230a14a0c4b38ccbd6f96083aa3bdd71975e4182db690cc37f6ae80dd3a5fda,832279ccb407938aa069e20008b4e250,cdr.csv
CDR00801,+916462704828,+918701436349,2026-08-19T11:58:00,322,MO,voice,287101226916693,404454738299737,6802,19447,30.68765,76.77904,f82d2f5124c20b92344f2f6182163600bcb066a14fca16907e2691f4e15c0cc0,832279ccb407938aa069e20008b4e250,cdr.csv
CDR00802,+916489325288,+918953394210,2026-08-19T18:13:00,213,MO,voice,287101226916693,404863116566701,4770,75570,30.70705,76.77017,f836b5655fc3e77b0bb705842f3a960c8fc9735b31ab63f168a55640400cf04a,832279ccb407938aa069e20008b4e250,cdr.csv
CDR00803,+916489325288,+919044997278,2026-08-19T09:04:00,134,MT,voice,287101226916693,404863116566701,4770,75570,30.70705,76.77017,5b0a5aa041f4fd75ece678e5f44c509cd535716d4a9ad162dd064e14649b6a40,832279ccb407938aa069e20008b4e250,cdr.csv
CDR00804,+916489325288,+917709521456,2026-08-19T08:38:00,261,MT,voice,287101226916693,404863116566701,4770,75570,30.70705,76.77017,4c9c42094f9570ea590558a8711d23b6a30f6a0bee235be272e3bfc5daf6a439,832279ccb407938aa069e20008b4e250,cdr.csv
CDR00805,+917957015430,+917734670656,2026-08-19T17:15:00,205,MO,voice,287101226916693,404106513338726,4770,75570,30.70705,76.77017,630a63a7e9cb775de66ecdf988f5224b8bb09dfb81fbca6e4a7b2c7218708879,832279ccb407938aa069e20008b4e250,cdr.csv
CDR00806,+917957015430,+917734670656,2026-08-19T21:46:00,229,MT,voice,287101226916693,404106513338726,2013,69050,30.65242,76.7979,526431d60f46f20a7e534c9ab9c4107dcffd81a0cfbff2c98a2991ab52782ca8,832279ccb407938aa069e20008b4e250,cdr.csv
CDR00807,+917957015430,+918953394210,2026-08-19T09:58:00,205,MT,voice,287101226916693,404106513338726,6053,15952,30.66646,76.80813,6cc16319a5d8758283e9ef9bf4eaa3e6eaabdd42f670feb63f2655c19c17cfe6,832279ccb407938aa069e20008b4e250,cdr.csv
CDR00808,+917911718227,+918277434873,2026-08-19T11:59:00,295,MO,voice,287101226916693,404454731781080,6053,15952,30.66646,76.80813,4cc994c758e8f5427efc3017e01aa85868fa7848460b06ddbdca403881976880,832279ccb407938aa069e20008b4e250,cdr.csv
CDR00809,+917911718227,+917787133150,2026-08-19T15:50:00,166,MT,voice,287101226916693,404454731781080,4770,75570,30.70705,76.77017,18c8ed31a6ad48b6e6a544929e5d09c1eeed523750db8a806ab994f0df9bde83,832279ccb407938aa069e20008b4e250,cdr.csv
CDR00810,+917911718227,+917455623869,2026-08-19T20:32:00,95,MT,voice,287101226916693,404454731781080,4770,75570,30.70705,76.77017,420bea66e88319bc83ad486e6f8b49bbeb879b979fc69532869ff4cb5c591a31,832279ccb407938aa069e20008b4e250,cdr.csv
CDR00811,+917911718227,+917053315869,2026-08-19T21:00:00,105,MO,voice,287101226916693,404454731781080,1897,11007,30.66453,76.80344,d6f64dadd602e198b9bb89c3e355d88634d9e089ef7446cdd8b33340962f7ee6,832279ccb407938aa069e20008b4e250,cdr.csv
CDR00812,+918489638346,+917911718227,2026-08-19T11:55:00,37,MT,voice,287101226916693,404103267736026,3248,43491,30.67473,76.7044,1e52dfc19154abe33eeb9a07b0a8145d414437a0d6da0877cee342cbc6c6f6e0,832279ccb407938aa069e20008b4e250,cdr.csv
CDR00813,+918489638346,+916489325288,2026-08-19T11:32:00,291,MT,voice,287101226916693,404103267736026,4770,75570,30.70705,76.77017,2d8f128c8e5351dff5a1e7ea3d551fbbf8afe106e7437f320b424e4d4555db7c,832279ccb407938aa069e20008b4e250,cdr.csv
CDR00814,+918489638346,+917787133150,2026-08-19T19:44:00,305,MO,voice,287101226916693,404103267736026,4770,75570,30.70705,76.77017,4c608429c76a4c101f217c2f967cd628231c0c39a34f3f19f2b3ecf8dc439ca6,832279ccb407938aa069e20008b4e250,cdr.csv
CDR00815,+918489638346,+918024994717,2026-08-19T17:37:00,331,MO,voice,287101226916693,404103267736026,4770,75570,30.70705,76.77017,8ae160dc41cfd55a511917d1087088f6bead8f9d3d295143bcba2905c07aea85,832279ccb407938aa069e20008b4e250,cdr.csv
CDR00816,+917787133150,+919648877190,2026-08-19T21:58:00,229,MT,voice,287101226916693,404106474687234,6053,15952,30.66646,76.80813,83229e7cd87521562ccd63d1303b80830e49d2b0e91af1ab086996f656b663b5,832279ccb407938aa069e20008b4e250,cdr.csv
CDR00817,+916081219136,+918671369594,2026-08-19T11:46:00,113,MO,voice,939909169985432,404493462475107,1815,98338,30.64979,76.74317,ad23fca3022c593ba1ee209b52e3c1097e15466e31b4a9ec2b81e74c215c6609,832279ccb407938aa069e20008b4e250,cdr.csv
CDR00818,+916081219136,+917859770348,2026-08-19T21:24:00,184,MT,voice,939909169985432,404493462475107,2013,69050,30.65242,76.7979,49ae55a6722e1272cbd6cd667a5491ff1940898dc0422720acb4a8bbcf3fa514,832279ccb407938aa069e20008b4e250,cdr.csv
CDR00819,+916081219136,+917241904966,2026-08-19T10:14:00,172,MT,voice,939909169985432,404493462475107,1672,68947,30.74909,76.7586,82caedf999745039a5252ac9b072cc0f40abadaee61a6c640702bdbc8a554f9d,832279ccb407938aa069e20008b4e250,cdr.csv
CDR00820,+916980841241,+918701436349,2026-08-19T17:24:00,183,MO,voice,824493534874017,404864005242786,9624,22249,30.71752,76.74081,f29cafbe61ab65e6547ce2a9e1b42c0f7e8bfb192e650aa17fbf4f0977a6e2db,832279ccb407938aa069e20008b4e250,cdr.csv
CDR00821,+916980841241,+918738721489,2026-08-19T20:33:00,162,MT,voice,824493534874017,404864005242786,6928,21551,30.69241,76.7027,963d3c69b90d4c736f991ab301bab324046d2cef061bc367bbabff9f86694760,832279ccb407938aa069e20008b4e250,cdr.csv
CDR00822,+916980841241,+918489638346,2026-08-19T16:17:00,269,MT,voice,824493534874017,404864005242786,9624,22249,30.71752,76.74081,5f0938f430619145d340d4692d09376641b063f00a6728907b6d742032de1710,832279ccb407938aa069e20008b4e250,cdr.csv
CDR00823,+917053315869,+916271937452,2026-08-19T10:59:00,138,MT,voice,322602563421605,404863375433036,6053,15952,30.66646,76.80813,77a0c7174376e9ef2d2cb7f184864e45128d055432dea15012115dee914a99fc,832279ccb407938aa069e20008b4e250,cdr.csv
CDR00824,+917053315869,+918159212499,2026-08-19T12:01:00,326,MO,voice,322602563421605,404863375433036,3248,43491,30.67473,76.7044,3bd6e5455201dedd1d29bce493cb81118d78c1ac8da0eafe755614f77f8ddefc,832279ccb407938aa069e20008b4e250,cdr.csv
CDR00825,+917053315869,+917529042284,2026-08-19T13:00:00,270,MO,voice,322602563421605,404863375433036,6053,15952,30.66646,76.80813,61d417c8ebf4f0fb41b731b702abe9035cdb015e3700c544a0331996c9244919,832279ccb407938aa069e20008b4e250,cdr.csv
CDR00826,+916569816934,+917374740748,2026-08-19T11:53:00,252,MT,voice,608835615951489,404496564823662,8682,67961,30.71577,76.78556,4d0e0b720d5b7991c91b64de05673ee42bf0b4c63aaab1afe7cf35f23b75638e,832279ccb407938aa069e20008b4e250,cdr.csv
CDR00827,+916569816934,+918489638346,2026-08-19T21:56:00,241,MT,voice,608835615951489,404496564823662,3578,58503,30.6774,76.72893,d3d809b572a236c4dc6eb0829eb861cadfa089df11d38264dd21461e4385165c,832279ccb407938aa069e20008b4e250,cdr.csv
CDR00828,+916569816934,+917787133150,2026-08-19T15:46:00,362,MO,voice,608835615951489,404496564823662,3578,58503,30.6774,76.72893,3dcdf605dae8b39386323392a58d6023f01c8556bbb97fe3b79c6790efa66e5c,832279ccb407938aa069e20008b4e250,cdr.csv
CDR00829,+916569816934,+917957015430,2026-08-19T14:46:00,58,MT,voice,608835615951489,404496564823662,7421,26901,30.7114,76.80256,e364735e8fd68e350c9523e458cbc7cd9ec8f270099d82084b4b5a918feb04af,832279ccb407938aa069e20008b4e250,cdr.csv
CDR00830,+918738721489,+917175946474,2026-08-19T09:45:00,372,MT,voice,134332003791762,404203676320163,8601,83889,30.73119,76.74387,7948212255d423975fd87ea587988707ca80d5947723b8f5650bc13fa4f7d809,832279ccb407938aa069e20008b4e250,cdr.csv
CDR00831,+918738721489,+917221969379,2026-08-19T10:59:00,381,MT,voice,134332003791762,404203676320163,9624,22249,30.71752,76.74081,20f28ff2de04dd4ad72693d836e9cce186ec3935a928f7f29157ee47270c4a43,832279ccb407938aa069e20008b4e250,cdr.csv
CDR00832,+918738721489,+916784801845,2026-08-19T07:15:00,90,MT,voice,134332003791762,404203676320163,8601,83889,30.73119,76.74387,99ddbcbd762133eb68e72f6f85c987b1f5af20603a263e96b06f7534c02dc421,832279ccb407938aa069e20008b4e250,cdr.csv
CDR00833,+918277434873,+916271937452,2026-08-19T22:09:00,268,MO,voice,714345581223625,404451665876036,8682,67961,30.71577,76.78556,d01d14284c7a3f7a55aa95e5b5eeea4b214a066eb40b714e942ca5f55501396b,832279ccb407938aa069e20008b4e250,cdr.csv
CDR00834,+918277434873,+917787133150,2026-08-19T13:40:00,65,MO,voice,714345581223625,404451665876036,1815,98338,30.64979,76.74317,70b3ac9b022f2b6a2aac04cc18e61168d61cee76338968f2d01d83b70f7074ae,832279ccb407938aa069e20008b4e250,cdr.csv
CDR00835,+917734670656,+918159212499,2026-08-19T13:45:00,111,MO,voice,729806990162729,404104653755646,6129,85465,30.69151,76.73853,11faab84b311601d7f6fd4d8d277074a8e414a727360b918cde030ebb240d6b5,832279ccb407938aa069e20008b4e250,cdr.csv
CDR00836,+917734670656,+919044997278,2026-08-19T14:40:00,198,MT,voice,729806990162729,404104653755646,6129,85465,30.69151,76.73853,413db314c8f9dd409f23dbf7430f79e7474497c9f243b3f56327702e6f688ee5,832279ccb407938aa069e20008b4e250,cdr.csv
CDR00837,+917734670656,+918094777520,2026-08-19T14:56:00,169,MT,voice,729806990162729,404104653755646,3842,88957,30.65834,76.7811,a30cad5def9eb8fec19f35fea27fb2a128088e9ae2bb2fbe66036d51c16031ba,832279ccb407938aa069e20008b4e250,cdr.csv
CDR00838,+917734670656,+916611724005,2026-08-19T18:34:00,266,MT,voice,729806990162729,404104653755646,5640,98895,30.72142,76.7484,ebdca0e3297f09f10076e92dc820b4ff5f39ae25a4dded2b3505cc1e6b3a07af,832279ccb407938aa069e20008b4e250,cdr.csv
CDR00839,+916271937452,+917455623869,2026-08-19T21:20:00,146,MT,voice,193149190586514,404208776945314,1920,56129,30.70088,76.72725,3c020bd3bf3393754f704f4bbccd6780eb0c138fd7267f42129191ed7773c07a,832279ccb407938aa069e20008b4e250,cdr.csv
CDR00840,+916271937452,+916936183242,2026-08-19T10:22:00,376,MT,voice,193149190586514,404208776945314,3842,88957,30.65834,76.7811,3dd4be5814b6993d4dbcd9c53f95c643c6947188179213bf8761095be0f5c350,832279ccb407938aa069e20008b4e250,cdr.csv
CDR00841,+916271937452,+918671369594,2026-08-19T22:38:00,230,MO,voice,193149190586514,404208776945314,6321,32527,30.73616,76.76418,a57491eac10f4c73db93213cc42bbe856365277546a2ad80a938314fdd31c8dc,832279ccb407938aa069e20008b4e250,cdr.csv
CDR00842,+917241904966,+917455623869,2026-08-19T08:35:00,185,MT,voice,850671657262845,404863799650752,8682,67961,30.71577,76.78556,d4530f16c18b0975f6a27922f9c0ce7b5e059f77d4a049b8087a66cd8dda01bc,832279ccb407938aa069e20008b4e250,cdr.csv
CDR00843,+917241904966,+916611724005,2026-08-19T21:27:00,224,MT,voice,850671657262845,404863799650752,6731,50662,30.75612,76.77382,521bc59897964759f3dd8a181330bfa0f602c07880a0fbe686a5136f0fdf0a3b,832279ccb407938aa069e20008b4e250,cdr.csv
CDR00844,+918701436349,+918277434873,2026-08-19T17:40:00,43,MT,voice,788568557444310,404455182337498,9307,60394,30.69553,76.75652,fc514c08221de9fc3f448ac8ca57740d7de0005c80f5a3e43243e11be0c3fb85,832279ccb407938aa069e20008b4e250,cdr.csv
CDR00845,+918701436349,+917049451983,2026-08-19T12:34:00,125,MO,voice,788568557444310,404455182337498,3248,43491,30.67473,76.7044,f6a5af783e477e2f28f96c7b34f9b2e19a3294f6eb0ae8328f4fa1d3ff76e522,832279ccb407938aa069e20008b4e250,cdr.csv
CDR00846,+918701436349,+918024994717,2026-08-19T11:38:00,296,MO,voice,788568557444310,404455182337498,9307,60394,30.69553,76.75652,e7926d326c4548616d8d43539e5f0f7ab7cea6f3bf4c57c8a31d9d0c022c81f5,832279ccb407938aa069e20008b4e250,cdr.csv
CDR00847,+918701436349,+919044997278,2026-08-19T09:49:00,380,MT,voice,788568557444310,404455182337498,7697,54350,30.72147,76.69628,3f1837abfbe8566963551f3d151759bba099d67c5a22acc8628efb79976783b5,832279ccb407938aa069e20008b4e250,cdr.csv
CDR00848,+918094777520,+916462704828,2026-08-19T13:23:00,294,MO,voice,711671902294137,404108699938677,3463,53694,30.64978,76.76963,fa73194004e9bfba9f5e6920837057051dbb1a28c7791b9cdea64c9e47b55c78,832279ccb407938aa069e20008b4e250,cdr.csv
CDR00849,+916936183242,+918277434873,2026-08-19T16:51:00,102,MT,voice,067974034471340,404499401399049,3419,40968,30.65234,76.72072,f3bab14cb5560865f272056399dd0e1dd3999b8960cc42796eed4f51c39f505e,832279ccb407938aa069e20008b4e250,cdr.csv
CDR00850,+916936183242,+918159212499,2026-08-19T14:00:00,38,MO,voice,067974034471340,404499401399049,3093,97833,30.72434,76.80365,753ebe3a022f17e9b63aacab5943e07ec663d410c1dfbfe55e58a6033cd8d19d,832279ccb407938aa069e20008b4e250,cdr.csv
CDR00851,+916936183242,+917911718227,2026-08-19T19:50:00,268,MO,voice,067974034471340,404499401399049,3419,40968,30.65234,76.72072,544d554384588544e8330b36fdbc177ff6d324f6bc88e627ad2b5f4059c91cf4,832279ccb407938aa069e20008b4e250,cdr.csv
CDR00852,+916936183242,+917341316475,2026-08-19T14:40:00,372,MO,voice,067974034471340,404499401399049,9624,22249,30.71752,76.74081,32678af15ff32f6228b490d765a346e1fcc2910862d41823e4ddf9c8dfa21b1f,832279ccb407938aa069e20008b4e250,cdr.csv
CDR00853,+918024994717,+919044997278,2026-08-19T19:08:00,399,MT,voice,067974034471340,404102787429671,3419,40968,30.65234,76.72072,759d2e1ab82aae03b7a5c3e607181b4712b7d377e529413627096a5f624f86dd,832279ccb407938aa069e20008b4e250,cdr.csv
CDR00854,+919648877190,+918953394210,2026-08-19T20:01:00,27,MO,voice,067974034471340,404865655125674,5059,67377,30.75892,76.75289,f0bcde8c35c7ef39581cc3c1d07fa19e7016e409cb120e1c5ac650907179a1b6,832279ccb407938aa069e20008b4e250,cdr.csv
CDR00855,+917859770348,+916569816934,2026-08-19T16:50:00,185,MT,voice,477109324808614,404451712748467,6928,21551,30.69241,76.7027,b273feecec62bb1f2229299971a17a9d2b1733deb94b3455818ff1fa666e7803,832279ccb407938aa069e20008b4e250,cdr.csv
CDR00856,+917859770348,+918094777520,2026-08-19T15:29:00,123,MO,voice,477109324808614,404451712748467,6321,32527,30.73616,76.76418,57e088bd15c52faf2fd1e02dad89a514e7c3dfa38eb9acd1361b8b1653cf89e2,832279ccb407938aa069e20008b4e250,cdr.csv
CDR00857,+917859770348,+918671369594,2026-08-19T19:18:00,239,MO,voice,477109324808614,404451712748467,3248,43491,30.67473,76.7044,fcf48fdf7e6660ca347a7e2390e4b3ad14dc8e31885302a4d8704c30c656b887,832279ccb407938aa069e20008b4e250,cdr.csv
CDR00858,+917859770348,+918159212499,2026-08-19T15:30:00,165,MO,voice,477109324808614,404451712748467,3248,43491,30.67473,76.7044,18f406419b2cdcfbdd29e00af4e6f32075195e5ba99fe03a0175fa70ed25119c,832279ccb407938aa069e20008b4e250,cdr.csv
CDR00859,+919044997278,+917859770348,2026-08-19T10:28:00,134,MO,voice,558867533963601,404497662702895,8682,67961,30.71577,76.78556,068fd6ea8587ccb1fe42d34958da6f5c4a88703f753441a8147861b9d1992cc2,832279ccb407938aa069e20008b4e250,cdr.csv
CDR00860,+919044997278,+917374740748,2026-08-19T18:30:00,308,MO,voice,558867533963601,404497662702895,8682,67961,30.71577,76.78556,e35bd6bec6636d6406cc7a2ed3d3c174f4f5abd063062a221ea0bb3207b6e398,832279ccb407938aa069e20008b4e250,cdr.csv
CDR00861,+919044997278,+916081219136,2026-08-19T09:06:00,307,MO,voice,558867533963601,404497662702895,1897,11007,30.66453,76.80344,32d1dbeb7e8ebb702371e4372c56a692a721e95fa0b2b208710a0bb2dac7beb2,832279ccb407938aa069e20008b4e250,cdr.csv
CDR00862,+919044997278,+917734670656,2026-08-19T09:09:00,226,MT,voice,558867533963601,404497662702895,8147,12456,30.69517,76.69934,ab7310301c943b5febd2ba09dfdcbc983e6b005abf9dc942576a4dca2bfaf274,832279ccb407938aa069e20008b4e250,cdr.csv
CDR00863,+916611724005,+916462704828,2026-08-19T22:16:00,230,MT,voice,158657809134318,404452858842474,8682,67961,30.71577,76.78556,cd5cf774913b2f2ed1779bf239ea9fac1ef4b5eaa5ee9ae804c489c453871214,832279ccb407938aa069e20008b4e250,cdr.csv
CDR00864,+916611724005,+916784801845,2026-08-19T17:44:00,309,MT,voice,158657809134318,404452858842474,8682,67961,30.71577,76.78556,341a880ea49999982665cccd9ecda268c40315acfcf0498bd1973f927b58da16,832279ccb407938aa069e20008b4e250,cdr.csv
CDR00865,+917455623869,+918159212499,2026-08-19T22:34:00,275,MT,voice,158657809134318,404491712368516,8682,67961,30.71577,76.78556,67b8c15b464c8fc2e9e5a6a718ae8e586b72a99a2452644055c91e4d1d3aa694,832279ccb407938aa069e20008b4e250,cdr.csv
CDR00866,+917455623869,+916936183242,2026-08-19T21:45:00,267,MO,voice,158657809134318,404491712368516,9691,38197,30.68514,76.74444,3b7c79d78d921db7e83fa937158849bdca6da79f14aeebe1225a7f611dabb8ee,832279ccb407938aa069e20008b4e250,cdr.csv
CDR00867,+917221969379,+919044997278,2026-08-19T11:48:00,26,MO,voice,158657809134318,404104817549651,8682,67961,30.71577,76.78556,9d2a77857d44e2f44bcec549da04c815559f51950f4686a974a78f3ec555eccd,832279ccb407938aa069e20008b4e250,cdr.csv
CDR00868,+917374740748,+916569816934,2026-08-19T21:55:00,78,MO,voice,158657809134318,404457098593174,9691,38197,30.68514,76.74444,d5bc79e7bb2acde79c141cb62fd5a58a2724ae0aca5080d92eb1c62a2744ce7e,832279ccb407938aa069e20008b4e250,cdr.csv
CDR00869,+917374740748,+916980841241,2026-08-19T22:08:00,300,MT,voice,158657809134318,404457098593174,8682,67961,30.71577,76.78556,115d66437bc4dd4f1a484cc4a998b6ad84cbd4b8b8d75d4441c61ef89e64b98c,832279ccb407938aa069e20008b4e250,cdr.csv
CDR00870,+917175946474,+917221969379,2026-08-19T16:46:00,366,MT,voice,158657809134318,404861200471138,8601,83889,30.73119,76.74387,90203e62b74ff45ca0a64cbe693e2e1b0cadf5a0cc3aa5b89e5df25f7a8ac2d0,832279ccb407938aa069e20008b4e250,cdr.csv
CDR00871,+918671369594,+917049451983,2026-08-19T12:09:00,168,MO,voice,158657809134318,404456758692617,2391,16895,30.65867,76.78053,df6b905b0038a789b376b13934cbfe27ac4fd3b78ea402db7cd1d8b589b03766,832279ccb407938aa069e20008b4e250,cdr.csv
CDR00872,+918671369594,+917859770348,2026-08-19T15:30:00,256,MO,voice,158657809134318,404456758692617,2391,16895,30.65867,76.78053,1ef99713fa05c8c251994a0f309910d8019802bbb73b18c2a11bb50788d20725,832279ccb407938aa069e20008b4e250,cdr.csv
CDR00873,+918671369594,+917787133150,2026-08-19T12:33:00,386,MT,voice,158657809134318,404456758692617,8601,83889,30.73119,76.74387,ccba30c20ac5f077d7248e58ea9dda0e6e1e427debaf1302a7c7768b8b9b65b8,832279ccb407938aa069e20008b4e250,cdr.csv
CDR00874,+917064090974,+916081219136,2026-08-19T22:04:00,22,MT,voice,158657809134318,404206405377351,8682,67961,30.71577,76.78556,711e2d322ca435c46a6be4a8bd331f511f40f3bb93fe880a3f096d8258b6c95d,832279ccb407938aa069e20008b4e250,cdr.csv
CDR00875,+917064090974,+917911718227,2026-08-19T21:21:00,68,MO,voice,158657809134318,404206405377351,8601,83889,30.73119,76.74387,883ca88389e05cc03e84d9480523cba054a85c578d25a58fde705972db45e8f4,832279ccb407938aa069e20008b4e250,cdr.csv
CDR00876,+918953394210,+916489325288,2026-08-19T18:40:00,306,MO,voice,158657809134318,404498506431713,8682,67961,30.71577,76.78556,3163839afc28c0d1e681babe98b7769d7a7470295edf315e8729d1cb4d8c04ee,832279ccb407938aa069e20008b4e250,cdr.csv
CDR00877,+918953394210,+916569816934,2026-08-19T15:18:00,238,MT,voice,158657809134318,404498506431713,9691,38197,30.68514,76.74444,a18ca569e2e3f4c3d7ae215fbe546670244167c6a525319a53682938f7c1b5aa,832279ccb407938aa069e20008b4e250,cdr.csv
CDR00878,+917709521456,+918159212499,2026-08-19T13:04:00,323,MO,voice,158657809134318,404200053293183,6802,19447,30.68765,76.77904,eb66cfcadb5263cec3dbca23ceec5211724c820e489dfb7459f19819fc10c3ed,832279ccb407938aa069e20008b4e250,cdr.csv
CDR00879,+917709521456,+917241904966,2026-08-19T12:16:00,308,MO,voice,158657809134318,404200053293183,8601,83889,30.73119,76.74387,f11e8ae20084ff29eb4441540ebd340003bea2ada6b4c3e61fc6f4a3b9199fa4,832279ccb407938aa069e20008b4e250,cdr.csv
CDR00880,+917709521456,+919044997278,2026-08-19T17:36:00,323,MT,voice,158657809134318,404200053293183,2391,16895,30.65867,76.78053,0baddc4125645066d84cc1c23979986e29326dad8450565a44c934f07434c236,832279ccb407938aa069e20008b4e250,cdr.csv
CDR00881,+917529042284,+918738721489,2026-08-19T12:00:00,138,MO,voice,102053950240266,404201177589178,7697,54350,30.72147,76.69628,d4aa2d24533f2fd965e3914655f04fb950ded8b3b2f63a5b2fdc091ff8ded851,832279ccb407938aa069e20008b4e250,cdr.csv
CDR00882,+917529042284,+916081219136,2026-08-19T11:10:00,263,MO,voice,102053950240266,404201177589178,2234,33218,30.75416,76.76535,90d3aa9fa84d5776fec7ec8d3e66f7ef09bdc03d2a555be7347c02e94d187c42,832279ccb407938aa069e20008b4e250,cdr.csv
CDR00883,+917529042284,+917787133150,2026-08-19T21:27:00,360,MT,voice,102053950240266,404201177589178,6129,85465,30.69151,76.73853,7c95468e927e56751dbc7fc056670c02484150862444b1d7b053877ff4162ea2,832279ccb407938aa069e20008b4e250,cdr.csv
CDR00884,+917529042284,+918489638346,2026-08-19T14:35:00,221,MT,voice,102053950240266,404201177589178,3842,88957,30.65834,76.7811,a17b36e6e4e873504bd85dd353cf2e9ebfb56f9dd5870444c34a7215d21d16ce,832279ccb407938aa069e20008b4e250,cdr.csv
CDR00885,+918159212499,+919648877190,2026-08-19T16:53:00,287,MT,voice,698478961183676,404456576615654,6083,54500,30.66659,76.78349,88db158bdf90447a4d87e761949ea294b7a33cef5f105289a482a220d8f3b307,832279ccb407938aa069e20008b4e250,cdr.csv
CDR00886,+918159212499,+918738721489,2026-08-19T12:40:00,162,MO,voice,698478961183676,404456576615654,6083,54500,30.66659,76.78349,a510d2c78c86f1175f26cdeef4de84b0f443a922068ca843b83fffd106310b2b,832279ccb407938aa069e20008b4e250,cdr.csv
CDR00887,+918159212499,+917374740748,2026-08-19T22:44:00,148,MO,voice,698478961183676,404456576615654,9691,38197,30.68514,76.74444,2820e0d92461aff257a66a620ef7285831576f2a19e4218ead166df5945e9f59,832279ccb407938aa069e20008b4e250,cdr.csv
CDR00888,+918159212499,+919648877190,2026-08-19T12:01:00,207,MT,voice,698478961183676,404456576615654,3419,40968,30.65234,76.72072,2c337443a202a2d3c5778710aadcb3dec73afe2f1c5ddf2e48e706aa9d684e35,832279ccb407938aa069e20008b4e250,cdr.csv
CDR00889,+917049451983,+918738721489,2026-08-19T13:24:00,211,MO,voice,731585149368996,404200940244550,4531,77154,30.65366,76.74159,df13356e890438860b1537c641a1ce1d7264561b6f039c680d996dc5a402dcdb,832279ccb407938aa069e20008b4e250,cdr.csv
CDR00890,+917049451983,+916569816934,2026-08-19T21:23:00,289,MO,voice,731585149368996,404200940244550,8138,87184,30.68805,76.69944,783120a6b395a20c6f271c04894d1bc151107b1b44d7a344a668bb4b508728c0,832279ccb407938aa069e20008b4e250,cdr.csv
CDR00891,+917049451983,+918024994717,2026-08-19T10:58:00,208,MT,voice,731585149368996,404200940244550,4531,77154,30.65366,76.74159,fdd8ca66f5e72f796484ce7a9f0375b532172bf4f7c2a3d2e8211bdebc6d3a0c,832279ccb407938aa069e20008b4e250,cdr.csv
CDR00892,+917049451983,+917241904966,2026-08-19T08:41:00,160,MT,voice,731585149368996,404200940244550,3248,43491,30.67473,76.7044,4295cf52e95d16d15c3d06cf0d884d997a37ddb4504676db0e3c926a37af4264,832279ccb407938aa069e20008b4e250,cdr.csv
CDR00893,+916489325288,+919104332181,2026-08-14T10:01:00,18720,MO,video,287101226916693,404863116566701,4770,75570,30.70705,76.77017,3bc3fd4a6ca0a30f049b9080ba1d72f052b71f115758c5458e49b3b33ba90e88,832279ccb407938aa069e20008b4e250,cdr.csv
CDR00894,+916784801845,+919104332181,2026-08-13T08:01:00,640,MO,voice,287101226916693,404203010310518,6053,15952,30.66646,76.80813,e2f896c5abcd33a6ad92de3f78c08da97f9524fbad58a875dc0f08073f4ce4ce,832279ccb407938aa069e20008b4e250,cdr.csv
CDR00895,+916462704828,+919104332181,2026-08-14T07:01:00,900,MO,voice,287101226916693,404454738299737,4770,75570,30.70705,76.77017,d728b66f2defd3d03e30645b24cd6eca1ca1fda68d4a19c8a46255eb1b8d2e57,832279ccb407938aa069e20008b4e250,cdr.csv
CDR00896,+917911718227,+919104332181,2026-08-14T12:01:00,300,MO,sms,287101226916693,404454731781080,1897,11007,30.66453,76.80344,de0582c7c55829d26cd96da17deda2df0de912aca42c4d8156a5da46d7fac863,832279ccb407938aa069e20008b4e250,cdr.csv
CDR00897,+918489638346,+917341316475,2026-08-13T08:41:00,41,MO,voice,287101226916693,404103267736026,4770,75570,30.70705,76.77017,5b90ca95bbeb2694dd9dffc4f13c2b27006bd716d099964d2c6598b8863b0235,832279ccb407938aa069e20008b4e250,cdr.csv
CDR00898,+917049451983,+919104332181,2026-08-14T10:11:00,95,MO,voice,731585149368996,404200940244550,3248,43491,30.67473,76.7044,898598d47b21bcb9b6de4737adeeadc8c118d2de8e0e4a9129324808a0839706,832279ccb407938aa069e20008b4e250,cdr.csv
CDR00899,+916271937452,+918701436349,2026-08-10T11:53:00,136,MO,voice,193149190586514,404208776945314,9624,22249,30.71752,76.74081,50b48922769a600712dde5ab8b87c6bb2065d63e404a1166ad0888f5e4db2fd1,832279ccb407938aa069e20008b4e250,cdr.csv
CDR00900,+916271937452,+916936183242,2026-08-10T13:24:00,52,MO,voice,193149190586514,404208776945314,8682,67961,30.71577,76.78556,67f987f5eb5d59c33dc4073b58a96689609b0b21377235786293f3a0afd3b25e,832279ccb407938aa069e20008b4e250,cdr.csv
CDR00901,+916271937452,+918701436349,2026-08-11T14:14:00,61,MO,voice,193149190586514,404208776945314,3842,88957,30.65834,76.7811,f03622c8c364e988dab56dcbeaa92fb0c61103cfb7f321b73d84a976c1530ac4,832279ccb407938aa069e20008b4e250,cdr.csv
CDR00902,+916271937452,+916936183242,2026-08-11T16:56:00,160,MO,voice,193149190586514,404208776945314,6321,32527,30.73616,76.76418,81c47e9f95568702c18822067628c9185e1297c74a6d9eb592fe85f819dd6b6d,832279ccb407938aa069e20008b4e250,cdr.csv
CDR00903,+916271937452,+918701436349,2026-08-12T15:01:00,160,MO,voice,193149190586514,404208776945314,1897,11007,30.66453,76.80344,79bf2f0b8287c1109256565d981a82cc8efae2e36ad7b0d6dd0ac5b42d547146,832279ccb407938aa069e20008b4e250,cdr.csv
CDR00904,+916271937452,+916936183242,2026-08-12T16:02:00,178,MO,voice,193149190586514,404208776945314,1920,56129,30.70088,76.72725,f7da24e7324359b6dbd547e6033d0384bfe25edd2d0476189df24e38e5f5bacd,832279ccb407938aa069e20008b4e250,cdr.csv
CDR00905,+916271937452,+918701436349,2026-08-13T17:42:00,173,MO,voice,193149190586514,404208776945314,6731,50662,30.75612,76.77382,36170a5b5d2db07d9fa8840b50fce03682d263819b48164a8260d826ed69f3d7,832279ccb407938aa069e20008b4e250,cdr.csv
CDR00906,+916271937452,+916936183242,2026-08-13T12:20:00,148,MO,voice,193149190586514,404208776945314,6731,50662,30.75612,76.77382,a5384b7f0570861e472f7f29d70146f630abb59a8e8ef28a9f47f96c2c13280a,832279ccb407938aa069e20008b4e250,cdr.csv
CDR00907,+916271937452,+918701436349,2026-08-14T15:57:00,87,MO,voice,193149190586514,404208776945314,3842,88957,30.65834,76.7811,42b8a9048b9c4c088473d07bc8b5e7acc8760ace922a600492485b033cdc5ff7,832279ccb407938aa069e20008b4e250,cdr.csv
CDR00908,+916271937452,+916936183242,2026-08-14T17:49:00,180,MO,voice,193149190586514,404208776945314,6731,50662,30.75612,76.77382,f98d2b7a0be0dddc0c482697db4cfd2237b6d598c4dbbb1c906277dce4450400,832279ccb407938aa069e20008b4e250,cdr.csv
CDR00909,+916271937452,+918701436349,2026-08-15T12:23:00,80,MO,voice,193149190586514,404208776945314,3248,43491,30.67473,76.7044,93a9be9665c71feda5c7ccc60d70ea19bd4b5d771a734fbda02d5cf973c8b7ab,832279ccb407938aa069e20008b4e250,cdr.csv
CDR00910,+916271937452,+916936183242,2026-08-15T19:14:00,78,MO,voice,193149190586514,404208776945314,1920,56129,30.70088,76.72725,760c2471da12496c0f7dca4144a93d058693c998e629532a5e9ffd27d59179e1,832279ccb407938aa069e20008b4e250,cdr.csv
CDR00911,+916271937452,+918701436349,2026-08-16T13:28:00,76,MO,voice,193149190586514,404208776945314,3842,88957,30.65834,76.7811,87bc1c0ccd31726d790c24bea6b4f062e2faaa8acd4656be8875448ce9f9e963,832279ccb407938aa069e20008b4e250,cdr.csv
CDR00912,+916271937452,+916936183242,2026-08-16T15:00:00,70,MO,voice,193149190586514,404208776945314,1920,56129,30.70088,76.72725,870d91276a9e2a92007df6266c9e54a3864204b4bd48efb5c30513acaa2aa3cf,832279ccb407938aa069e20008b4e250,cdr.csv
CDR00913,+916271937452,+918701436349,2026-08-17T19:55:00,132,MO,voice,193149190586514,404208776945314,3842,88957,30.65834,76.7811,41d21f374012f7c4f9f4b27b6a1600fef5aff2462d7734a0891383b6567eb86f,832279ccb407938aa069e20008b4e250,cdr.csv
CDR00914,+916271937452,+916936183242,2026-08-17T17:53:00,150,MO,voice,193149190586514,404208776945314,6928,21551,30.69241,76.7027,3f90be32897e009f41e1842d4765e65ed5de71c352087361e1eb4aa9cfd1c111,832279ccb407938aa069e20008b4e250,cdr.csv
CDR00915,+916271937452,+918701436349,2026-08-18T11:36:00,64,MO,voice,193149190586514,404208776945314,6129,85465,30.69151,76.73853,55ee14b39053f7be2a98a908eff5d2ea449597f15bbb8c8ee0d4e8324cc77c6c,832279ccb407938aa069e20008b4e250,cdr.csv
CDR00916,+916271937452,+916936183242,2026-08-18T15:37:00,147,MO,voice,193149190586514,404208776945314,6928,21551,30.69241,76.7027,9922ec9d503a53b53eca402884c797dacc2f50a39d5df227395d47071e8960c5,832279ccb407938aa069e20008b4e250,cdr.csv
CDR00917,+916271937452,+918701436349,2026-08-19T15:29:00,107,MO,voice,193149190586514,404208776945314,6731,50662,30.75612,76.77382,299994b834bad4896a3581393eee8d7dfa06340bf5bf7c6e508a154631d60f1b,832279ccb407938aa069e20008b4e250,cdr.csv
CDR00918,+916271937452,+916936183242,2026-08-19T13:35:00,180,MO,voice,193149190586514,404208776945314,6928,21551,30.69241,76.7027,fb86fd01941b0fae6dc0437dd32956c732e3ab67c73c26952bb2663d08bb596d,832279ccb407938aa069e20008b4e250,cdr.csv
CDR00919,+918701436349,+918094777520,2026-08-11T19:10:00,720,MO,voice,788568557444310,404455182337498,9307,60394,30.69553,76.75652,946a39561106ffd7ea42cf98198a0aa54ca0469ff02d934eee387c158984ed9e,832279ccb407938aa069e20008b4e250,cdr.csv
CDR00920,+916936183242,+917053315869,2026-08-10T20:52:00,157,MO,voice,067974034471340,404499401399049,3093,97833,30.72434,76.80365,3647bdd14ea1d3a39e8b97bc5b31d58126bed2d33fb2cb05ce9f7df65e8ff20b,832279ccb407938aa069e20008b4e250,cdr.csv
CDR00921,+918024994717,+918277434873,2026-08-10T16:47:00,111,MT,voice,067974034471340,404102787429671,3093,97833,30.72434,76.80365,c1862d0e5373d3e26303cef59d2aa4ffe1673265ea4f542245ac1917469b3886,832279ccb407938aa069e20008b4e250,cdr.csv
CDR00922,+919648877190,+916611724005,2026-08-10T09:40:00,110,MT,voice,067974034471340,404865655125674,5640,98895,30.72142,76.7484,3ccfb1d2d7a5381352c2beb8961409fe0408318d24e8c84b194df4752eb07376,832279ccb407938aa069e20008b4e250,cdr.csv
CDR00923,+916936183242,+916271937452,2026-08-11T14:12:00,211,MT,voice,067974034471340,404499401399049,5640,98895,30.72142,76.7484,114fa7a90eea8252350960c67ae5aafda2d23e73c8a420d0c8424ea8d038e15d,832279ccb407938aa069e20008b4e250,cdr.csv
CDR00924,+918024994717,+917859770348,2026-08-11T15:57:00,223,MO,voice,067974034471340,404102787429671,3419,40968,30.65234,76.72072,9534c20cdf22553334357a6271aab070eef96977d24db5c071f576b74f08a322,832279ccb407938aa069e20008b4e250,cdr.csv
CDR00925,+919648877190,+916569816934,2026-08-11T08:07:00,178,MT,voice,067974034471340,404865655125674,4084,52143,30.7126,76.75016,cf1f6eb257a44eaa6cd1b112c7f08356d1029dfa9df46332bc8dfa60d9b1811f,832279ccb407938aa069e20008b4e250,cdr.csv
CDR00926,+916936183242,+918701436349,2026-08-12T18:35:00,223,MO,voice,067974034471340,404499401399049,4084,52143,30.7126,76.75016,fe9853abea2def8ea53df098a2c34345bb476d11a432e74ba436f05157cb4423,832279ccb407938aa069e20008b4e250,cdr.csv
CDR00927,+918024994717,+917957015430,2026-08-12T09:12:00,53,MT,voice,067974034471340,404102787429671,3419,40968,30.65234,76.72072,8b34bcf657fa10e15cd4c34a02eaf74a59541185958998c92966e2cf1388f0b8,832279ccb407938aa069e20008b4e250,cdr.csv
CDR00928,+919648877190,+917529042284,2026-08-12T19:21:00,120,MT,voice,067974034471340,404865655125674,4531,77154,30.65366,76.74159,296d1d616a9aeea3c7086c18b69762ee1db7f290bf4934cf6d38ece93924d49a,832279ccb407938aa069e20008b4e250,cdr.csv
CDR00929,+916936183242,+918701436349,2026-08-13T09:54:00,187,MO,voice,067974034471340,404499401399049,3419,40968,30.65234,76.72072,3f2089794607c476abdaa763f255c3e00bcd9bbc03581944e15992200b8252e5,832279ccb407938aa069e20008b4e250,cdr.csv
CDR00930,+918024994717,+916784801845,2026-08-13T15:52:00,92,MO,voice,067974034471340,404102787429671,3419,40968,30.65234,76.72072,be6188d03e50c785128832b9f11dda71ac05b3d665753f9eb4181b7ff9d3cac8,832279ccb407938aa069e20008b4e250,cdr.csv
CDR00931,+919648877190,+918277434873,2026-08-13T08:31:00,207,MO,voice,067974034471340,404865655125674,3419,40968,30.65234,76.72072,99d26ca2e68e1b9a9a50ef788b53655796750a6148b3203c4f3f0c3963c78b44,832279ccb407938aa069e20008b4e250,cdr.csv
CDR00932,+916936183242,+918738721489,2026-08-14T15:41:00,67,MO,voice,067974034471340,404499401399049,3419,40968,30.65234,76.72072,9a5faf87c2047e6e58db22de828b33eb63210e8b8d9a62344714c59d1290b228,832279ccb407938aa069e20008b4e250,cdr.csv
CDR00933,+918024994717,+918671369594,2026-08-14T21:39:00,142,MT,voice,067974034471340,404102787429671,3093,97833,30.72434,76.80365,0f81fea5a30eb759bbda021ab644177203afe6444dd5aa889c5afe55e0a846e6,832279ccb407938aa069e20008b4e250,cdr.csv
CDR00934,+919648877190,+917053315869,2026-08-14T11:26:00,162,MT,voice,067974034471340,404865655125674,4531,77154,30.65366,76.74159,1757af0542e21c9cf3ccef95d688761942f86e81f7d3eb11724998f142d0fec7,832279ccb407938aa069e20008b4e250,cdr.csv
CDR00935,+916936183242,+917859770348,2026-08-15T19:16:00,235,MT,voice,067974034471340,404499401399049,3419,40968,30.65234,76.72072,24c8150b565ed4b1018337ee9e9c6935dda6936a8b283daffa07ef7bdf031613,832279ccb407938aa069e20008b4e250,cdr.csv
CDR00936,+918024994717,+917529042284,2026-08-15T11:20:00,121,MO,voice,067974034471340,404102787429671,3419,40968,30.65234,76.72072,414e3f01cbeb508d2b0fbb05eb9a1ab7e8105dd83f963aad577c2d4ac62194e7,832279ccb407938aa069e20008b4e250,cdr.csv
CDR00937,+919648877190,+917734670656,2026-08-15T13:55:00,233,MO,voice,067974034471340,404865655125674,9307,60394,30.69553,76.75652,cc21a5cd8f594f29985770be329eb84520dabc36a5b8245d1eb279509c6caa36,832279ccb407938aa069e20008b4e250,cdr.csv
CDR00938,+916936183242,+917529042284,2026-08-16T19:30:00,110,MO,voice,067974034471340,404499401399049,3093,97833,30.72434,76.80365,30ec77c30721f6ad3007bdd0d5d72fde09a58941c7b76f86d77a69707add16bf,832279ccb407938aa069e20008b4e250,cdr.csv
CDR00939,+918024994717,+919648877190,2026-08-16T11:46:00,213,MO,voice,067974034471340,404102787429671,3093,97833,30.72434,76.80365,11cc0dc8aa84d04958f7670a66241898187ba2be9cf2890c986a6e02f8472a7e,832279ccb407938aa069e20008b4e250,cdr.csv
CDR00940,+919648877190,+917175946474,2026-08-16T21:03:00,188,MT,voice,067974034471340,404865655125674,4531,77154,30.65366,76.74159,88a1a2009296414d93b28414b5a3fbbdd0662fa39a41fc9b916e97e976d6ed40,832279ccb407938aa069e20008b4e250,cdr.csv
CDR00941,+916936183242,+917341316475,2026-08-17T09:10:00,173,MT,voice,067974034471340,404499401399049,3419,40968,30.65234,76.72072,c95b7bc93715e54a0ed444001df2d836f126dd9b19aabe59eeacedd8b59c5f4f,832279ccb407938aa069e20008b4e250,cdr.csv
CDR00942,+918024994717,+916081219136,2026-08-17T13:30:00,46,MT,voice,067974034471340,404102787429671,3093,97833,30.72434,76.80365,8a94ba140150b8dff4dca79766ea60c7a55bcb1a2aa46e682bdb1b797bbe1f3b,832279ccb407938aa069e20008b4e250,cdr.csv
CDR00943,+919648877190,+916271937452,2026-08-17T12:36:00,216,MO,voice,067974034471340,404865655125674,4531,77154,30.65366,76.74159,a64e46fc5ae913618a75a6a49c58d2d784fb1679026a466ba64809fc04d25f27,832279ccb407938aa069e20008b4e250,cdr.csv
CDR00944,+916936183242,+917787133150,2026-08-18T14:45:00,131,MO,voice,067974034471340,404499401399049,3419,40968,30.65234,76.72072,b0a8eb77fed1681479f01371814a602aa590299a77301337a6400f9ac01b7d90,832279ccb407938aa069e20008b4e250,cdr.csv
CDR00945,+918024994717,+918094777520,2026-08-18T16:44:00,114,MO,voice,067974034471340,404102787429671,3093,97833,30.72434,76.80365,f13d1fb964f12c6f70134d5b023032c78cd5b2159592c9418e6ad337dceddaa6,832279ccb407938aa069e20008b4e250,cdr.csv
CDR00946,+919648877190,+917529042284,2026-08-18T14:09:00,204,MT,voice,067974034471340,404865655125674,3093,97833,30.72434,76.80365,48cbad8a833e8b5ec1da86893ed78c70fca4537780f0bcce908d9afa976a5af3,832279ccb407938aa069e20008b4e250,cdr.csv
CDR00947,+916936183242,+919648877190,2026-08-19T08:45:00,180,MO,voice,067974034471340,404499401399049,3419,40968,30.65234,76.72072,b5a92576a3444d87b0de960319141442a2c83abb9929e2541f9224876bfc0cb4,832279ccb407938aa069e20008b4e250,cdr.csv
CDR00948,+918024994717,+917709521456,2026-08-19T17:04:00,135,MO,voice,067974034471340,404102787429671,3419,40968,30.65234,76.72072,da67ff9591c96385202fcb4fcea808586e17aaad110eef3407f831647c8df942,832279ccb407938aa069e20008b4e250,cdr.csv
CDR00949,+919648877190,+917053315869,2026-08-19T17:49:00,76,MO,voice,067974034471340,404865655125674,4531,77154,30.65366,76.74159,0b0e7588bdfab23cb52f8f94c369dda5d6f04fbfe61220968e8542dcdc257109,832279ccb407938aa069e20008b4e250,cdr.csv
CDR00950,+918671369594,+919044997278,2026-08-10T18:44:00,0,MO,sms,158657809134318,404456758692617,9691,38197,30.68514,76.74444,03a3844a710ea475c6c769b279ba6faf77a50b4c1a68cd8ac3ef4594cbd83e30,832279ccb407938aa069e20008b4e250,cdr.csv
CDR00951,+918671369594,+917787133150,2026-08-10T20:30:00,0,MO,sms,158657809134318,404456758692617,8682,67961,30.71577,76.78556,66ca8b401d6361ee04d9b0f2c8f7e5e5215d478e54fda1adf0bfc0097b4dd24a,832279ccb407938aa069e20008b4e250,cdr.csv
CDR00952,+918671369594,+919648877190,2026-08-10T10:19:00,0,MO,sms,158657809134318,404456758692617,9691,38197,30.68514,76.74444,ebe3d09771c30aac6b91dd3e5c54125e4c484f0eeabc3174bbeef40714b75b00,832279ccb407938aa069e20008b4e250,cdr.csv
CDR00953,+918671369594,+917957015430,2026-08-10T13:31:00,0,MO,sms,158657809134318,404456758692617,9691,38197,30.68514,76.74444,6755f66220aa5f5a4291e4798b41442d88ac115c393fed4bad62706274086860,832279ccb407938aa069e20008b4e250,cdr.csv
CDR00954,+918671369594,+919648877190,2026-08-10T12:14:00,0,MO,sms,158657809134318,404456758692617,2391,16895,30.65867,76.78053,0541a64e5e67c8223c2f4bfc10f08aa72bc0aec94877055d4540073c66cec5dc,832279ccb407938aa069e20008b4e250,cdr.csv
CDR00955,+917455623869,+917911718227,2026-08-10T14:28:00,0,MO,sms,158657809134318,404491712368516,8682,67961,30.71577,76.78556,56da7446d3b41ca6756eb7c4e0d87d8f583a29cb5c719a63e3fb94a508af908a,832279ccb407938aa069e20008b4e250,cdr.csv
CDR00956,+917455623869,+918159212499,2026-08-10T18:03:00,0,MO,sms,158657809134318,404491712368516,3419,40968,30.65234,76.72072,2ce158de7c2386622c50bd6ab557d0c68fa284c861fee79d0af1a49a2e7d687b,832279ccb407938aa069e20008b4e250,cdr.csv
CDR00957,+916611724005,+917709521456,2026-08-10T11:00:00,0,MO,sms,158657809134318,404452858842474,6083,54500,30.66659,76.78349,d78cc48f896c9ff71e76f2f9d0cd639b7820a2c5b97cdbe29be4cfe7504ce2ca,832279ccb407938aa069e20008b4e250,cdr.csv
CDR00958,+916611724005,+917341316475,2026-08-10T15:19:00,0,MO,sms,158657809134318,404452858842474,8601,83889,30.73119,76.74387,1403c0588caf05f7edf698dda17afa1e3331d8e80f8fc64f92988dc2f16a1c25,832279ccb407938aa069e20008b4e250,cdr.csv
CDR00959,+917709521456,+916081219136,2026-08-11T12:23:00,0,MO,sms,158657809134318,404200053293183,9691,38197,30.68514,76.74444,d8c306816f27bea0b92333271dd1b30d50c07689140fb7bd2a191cd25ca54326,832279ccb407938aa069e20008b4e250,cdr.csv
CDR00960,+917709521456,+916611724005,2026-08-11T12:50:00,0,MO,sms,158657809134318,404200053293183,2391,16895,30.65867,76.78053,f7ee7798c231fd39e60438aff21435ae12e128484be5806514a1de44740100ca,832279ccb407938aa069e20008b4e250,cdr.csv
CDR00961,+917709521456,+917911718227,2026-08-11T16:51:00,0,MO,sms,158657809134318,404200053293183,8682,67961,30.71577,76.78556,970833358d0b68f0bdf2b4d08cc049a4a121c6e91e49c2243208333e8cb985a7,832279ccb407938aa069e20008b4e250,cdr.csv
CDR00962,+917709521456,+916936183242,2026-08-11T19:41:00,0,MO,sms,158657809134318,404200053293183,8601,83889,30.73119,76.74387,08cf4a982ad95ac009a7c0c33a925f971bbec69811ffc314609f01585a4b0ffb,832279ccb407938aa069e20008b4e250,cdr.csv
CDR00963,+917064090974,+916569816934,2026-08-11T21:34:00,0,MO,sms,158657809134318,404206405377351,8682,67961,30.71577,76.78556,837fb35388d6cd4b907ea1f5dba28d716cb17807946afaf197efd0c186535da8,832279ccb407938aa069e20008b4e250,cdr.csv
CDR00964,+917064090974,+916569816934,2026-08-11T16:48:00,0,MO,sms,158657809134318,404206405377351,2391,16895,30.65867,76.78053,8d074b0456d1d68bbfac05768c174e8d219f2c25c1f60d7e4650d107c925b1c1,832279ccb407938aa069e20008b4e250,cdr.csv
CDR00965,+917064090974,+917221969379,2026-08-11T15:25:00,0,MO,sms,158657809134318,404206405377351,9691,38197,30.68514,76.74444,954f378a4ac3cd9d58484bd6f108e498d66b4328149da3552e24cab8701c3e4b,832279ccb407938aa069e20008b4e250,cdr.csv
CDR00966,+917064090974,+917911718227,2026-08-11T09:31:00,0,MO,sms,158657809134318,404206405377351,9691,38197,30.68514,76.74444,910c0a90a15a6ce44d3fe585dbb3b00953167501683ae1b1cc1aae724d2bf3b0,832279ccb407938aa069e20008b4e250,cdr.csv
CDR00967,+917064090974,+918094777520,2026-08-11T18:24:00,0,MO,sms,158657809134318,404206405377351,8682,67961,30.71577,76.78556,dc32105e0625dfaf65c924ad251a46391cba0601cc9e4127f4dfcc67857eb268,832279ccb407938aa069e20008b4e250,cdr.csv
CDR00968,+918953394210,+916784801845,2026-08-11T17:53:00,0,MO,sms,158657809134318,404498506431713,8682,67961,30.71577,76.78556,a99e17830fc0bd5d27fa0a4faeaf2df0f7b825ebc80dfccf1af5cc5d36292d0c,832279ccb407938aa069e20008b4e250,cdr.csv
CDR00969,+918953394210,+917049451983,2026-08-11T13:57:00,0,MO,sms,158657809134318,404498506431713,2391,16895,30.65867,76.78053,a776ed1b8f450cc1955b2f9f58b3a6251d1741df164c215b8c6a107660e0bcb4,832279ccb407938aa069e20008b4e250,cdr.csv
CDR00970,+917374740748,+917529042284,2026-08-11T20:03:00,0,MO,sms,158657809134318,404457098593174,8138,87184,30.68805,76.69944,f8b92eb5d7f64253658d29b9c3b05f8572589f63c8eb698370502118bdd9695b,832279ccb407938aa069e20008b4e250,cdr.csv
CDR00971,+917374740748,+919648877190,2026-08-11T15:12:00,0,MO,sms,158657809134318,404457098593174,8682,67961,30.71577,76.78556,8d1a9a76aa40e81eaa79367e7e3079c1549caf19ed8b72ae5013968761277418,832279ccb407938aa069e20008b4e250,cdr.csv
CDR00972,+917374740748,+917221969379,2026-08-11T19:55:00,0,MO,sms,158657809134318,404457098593174,8601,83889,30.73119,76.74387,fc86b809b13f3474851f4dfa0e129eaa2884fcfb0b5a9064b9ba759772089ab5,832279ccb407938aa069e20008b4e250,cdr.csv
CDR00973,+917374740748,+917859770348,2026-08-11T11:32:00,0,MO,sms,158657809134318,404457098593174,8682,67961,30.71577,76.78556,6598395351f519f370118b65481e52a93d5a2edcb21f236377e29341dc329ede,832279ccb407938aa069e20008b4e250,cdr.csv
CDR00974,+916611724005,+917053315869,2026-08-11T10:29:00,0,MO,sms,158657809134318,404452858842474,2391,16895,30.65867,76.78053,5cf3f06d4a37cd13a0e30d4a25760ff6bc676144944cc39505b71ed26e549874,832279ccb407938aa069e20008b4e250,cdr.csv
CDR00975,+916611724005,+918738721489,2026-08-11T14:04:00,0,MO,sms,158657809134318,404452858842474,8601,83889,30.73119,76.74387,a4b67639f5e2478513613051c0b1f787e190f99845ccdffa1438880a30890a16,832279ccb407938aa069e20008b4e250,cdr.csv
CDR00976,+916611724005,+919104332181,2026-08-11T19:39:00,0,MO,sms,158657809134318,404452858842474,3842,88957,30.65834,76.7811,8fab27cc077d79a697d6d70988f7544b8a46a57aacac6c4694a507e9700fc4ec,832279ccb407938aa069e20008b4e250,cdr.csv
CDR00977,+917175946474,+918701436349,2026-08-11T20:07:00,0,MO,sms,158657809134318,404861200471138,6129,85465,30.69151,76.73853,4746f84bf385a743b8169f089b15deef11fbe465f20b8161e78253e83860e0af,832279ccb407938aa069e20008b4e250,cdr.csv
CDR00978,+917175946474,+918024994717,2026-08-11T19:52:00,0,MO,sms,158657809134318,404861200471138,9691,38197,30.68514,76.74444,720c97e96255e70e37258ba8afd75cf62b2b37089d38b1895fa21a1e42845a25,832279ccb407938aa069e20008b4e250,cdr.csv
CDR00979,+917175946474,+916611724005,2026-08-11T12:23:00,0,MO,sms,158657809134318,404861200471138,1897,11007,30.66453,76.80344,59b92f77205f830f7a3162aaf5d03ab56e1d05f0419097ed80d5bed953e56bd4,832279ccb407938aa069e20008b4e250,cdr.csv
CDR00980,+917175946474,+917064090974,2026-08-12T10:35:00,0,MO,sms,158657809134318,404861200471138,8601,83889,30.73119,76.74387,29ed65dd24e3edf070d268a96eb2dabf5ea49f8b0e59ea778ac19dd730b23a3e,832279ccb407938aa069e20008b4e250,cdr.csv
CDR00981,+917175946474,+918671369594,2026-08-12T09:30:00,0,MO,sms,158657809134318,404861200471138,8147,12456,30.69517,76.69934,81df78d519a5ae751e3f7b292928597246cb337b7a001f30b8a2a9d25f24b7cc,832279ccb407938aa069e20008b4e250,cdr.csv
CDR00982,+917175946474,+919044997278,2026-08-12T09:53:00,0,MO,sms,158657809134318,404861200471138,2391,16895,30.65867,76.78053,3c85366a98123b7743e68e44bc8d3684e3153c02eb8cf64503405e2943fb8fff,832279ccb407938aa069e20008b4e250,cdr.csv
CDR00983,+917709521456,+917859770348,2026-08-12T12:27:00,0,MO,sms,158657809134318,404200053293183,8682,67961,30.71577,76.78556,8f53d1985679c2b9859fed1a058c1c6911aa38f1ce3c1678171cff0ceb12e583,832279ccb407938aa069e20008b4e250,cdr.csv
CDR00984,+917709521456,+916784801845,2026-08-12T16:38:00,0,MO,sms,158657809134318,404200053293183,8601,83889,30.73119,76.74387,3b5be48d6b20996da07e205e9e3f503b6bf1cde843deb70adc424fe5ca4104b4,832279ccb407938aa069e20008b4e250,cdr.csv
CDR00985,+916611724005,+916936183242,2026-08-12T21:13:00,0,MO,sms,158657809134318,404452858842474,3324,92991,30.75662,76.70101,9bd77be41b7f8e78def14aa21e236f3b571839ef462977e28c454b5d98731071,832279ccb407938aa069e20008b4e250,cdr.csv
CDR00986,+916611724005,+916271937452,2026-08-12T11:21:00,0,MO,sms,158657809134318,404452858842474,8682,67961,30.71577,76.78556,625a0c9f2b7bde5615736b37c65d4a4dbfeb9f01df273f269974018428889d50,832279ccb407938aa069e20008b4e250,cdr.csv
CDR00987,+916611724005,+916462704828,2026-08-12T16:12:00,0,MO,sms,158657809134318,404452858842474,8682,67961,30.71577,76.78556,1a88f2f4ef9ee0e248e4d8ab4cbfa0720d4a8ff78f0c64e0d683d0a8f4bdb326,832279ccb407938aa069e20008b4e250,cdr.csv
CDR00988,+917064090974,+918277434873,2026-08-12T17:04:00,0,MO,sms,158657809134318,404206405377351,8682,67961,30.71577,76.78556,6a4ec9060b2ce723638c6195c54638ba93867180157af4969d9648fc18d13c7b,832279ccb407938aa069e20008b4e250,cdr.csv
CDR00989,+917064090974,+917374740748,2026-08-12T14:42:00,0,MO,sms,158657809134318,404206405377351,8682,67961,30.71577,76.78556,7f2abea85a7a82a52bc547081032f971d1e450076516c47981e67f8df5bc47e1,832279ccb407938aa069e20008b4e250,cdr.csv
CDR00990,+917064090974,+917734670656,2026-08-12T10:53:00,0,MO,sms,158657809134318,404206405377351,8682,67961,30.71577,76.78556,70d29fc120160b1317f4fa3f90a74f8a26b0ee69bceff498ee78359f7bfaaf02,832279ccb407938aa069e20008b4e250,cdr.csv
CDR00991,+917064090974,+916081219136,2026-08-12T17:10:00,0,MO,sms,158657809134318,404206405377351,8682,67961,30.71577,76.78556,4710e9d004644cb26326b515bf41e041a6f339c1da50cac510f751f3ad3a9dd8,832279ccb407938aa069e20008b4e250,cdr.csv
CDR00992,+917374740748,+916489325288,2026-08-12T10:43:00,0,MO,sms,158657809134318,404457098593174,8601,83889,30.73119,76.74387,6dcb85a417a04e2750c12bafcd9a1f8f1c62a3182f327c8bb9855e84fddb3d09,832279ccb407938aa069e20008b4e250,cdr.csv
CDR00993,+917374740748,+916980841241,2026-08-12T09:39:00,0,MO,sms,158657809134318,404457098593174,8682,67961,30.71577,76.78556,beb919a741e7015b7af7389680729957ff05eab9e43596aec22a2e633ddcb3ed,832279ccb407938aa069e20008b4e250,cdr.csv
CDR00994,+918953394210,+917053315869,2026-08-13T19:46:00,0,MO,sms,158657809134318,404498506431713,9691,38197,30.68514,76.74444,e0cc66632c9881c30671c4bf3478a9a6de2ce752013c0b1c1d2405df1f19dfff,832279ccb407938aa069e20008b4e250,cdr.csv
CDR00995,+918953394210,+916980841241,2026-08-13T13:56:00,0,MO,sms,158657809134318,404498506431713,8682,67961,30.71577,76.78556,e7673ccf5139c7a18faf8f756a9b7daa3e1ff24fddc548712cf0852573259945,832279ccb407938aa069e20008b4e250,cdr.csv
CDR00996,+918953394210,+918094777520,2026-08-13T15:51:00,0,MO,sms,158657809134318,404498506431713,9691,38197,30.68514,76.74444,b76b305af7dc852221db80aeb64721cc8a83f9eceab671fae2603b1742a3761f,832279ccb407938aa069e20008b4e250,cdr.csv
CDR00997,+918953394210,+917529042284,2026-08-13T15:45:00,0,MO,sms,158657809134318,404498506431713,9691,38197,30.68514,76.74444,59f5502f3913b2eb6d0333ee4376cadbc3ddec1e49ae67b898da25b55d283031,832279ccb407938aa069e20008b4e250,cdr.csv
CDR00998,+918671369594,+918738721489,2026-08-13T19:22:00,0,MO,sms,158657809134318,404456758692617,9691,38197,30.68514,76.74444,ec961e8a3fbf436e173ce87aba99efe5bf8ac162d2ffc3d28e2351a1af9e2489,832279ccb407938aa069e20008b4e250,cdr.csv
CDR00999,+918671369594,+917374740748,2026-08-13T15:29:00,0,MO,sms,158657809134318,404456758692617,9691,38197,30.68514,76.74444,75950b153d118dcc3352db20d940ae29fb7da8c27f0f62e2ff4ef6633dd6e9dc,832279ccb407938aa069e20008b4e250,cdr.csv
CDR01000,+918671369594,+918024994717,2026-08-13T16:23:00,0,MO,sms,158657809134318,404456758692617,9691,38197,30.68514,76.74444,18667b0647535910dbf7f75f420118f7db42a074d8ad87f9ec16ac7f3b4e4eec,832279ccb407938aa069e20008b4e250,cdr.csv
CDR01001,+917455623869,+918738721489,2026-08-13T20:33:00,0,MO,sms,158657809134318,404491712368516,2391,16895,30.65867,76.78053,6ee67b2a85858b10cfac734b3ac002b49a2c42f9609e0e3f1c171bf02f5ac1d2,832279ccb407938aa069e20008b4e250,cdr.csv
CDR01002,+917455623869,+916569816934,2026-08-13T12:36:00,0,MO,sms,158657809134318,404491712368516,2391,16895,30.65867,76.78053,d67f4e36ff0f791a39b7e8d46c2cdae42ef825be2eb43401bc0fe2210f36b420,832279ccb407938aa069e20008b4e250,cdr.csv
CDR01003,+917455623869,+917859770348,2026-08-13T19:50:00,0,MO,sms,158657809134318,404491712368516,8601,83889,30.73119,76.74387,32f565ecbe882d6d2d4edb963285b470cc2a5538328f5f4aed828ad7ccb056f3,832279ccb407938aa069e20008b4e250,cdr.csv
CDR01004,+917064090974,+918094777520,2026-08-13T14:41:00,0,MO,sms,158657809134318,404206405377351,8682,67961,30.71577,76.78556,edffbfafd72263e454b6d9266f9cd7b58abe5f103c80aa453b89a3cd51ca9d1e,832279ccb407938aa069e20008b4e250,cdr.csv
CDR01005,+917064090974,+917529042284,2026-08-13T16:06:00,0,MO,sms,158657809134318,404206405377351,8682,67961,30.71577,76.78556,336aabd8a6dba047b5860ac806c81249607799e61adc0bd3feea63ef495d4337,832279ccb407938aa069e20008b4e250,cdr.csv
CDR01006,+917064090974,+917455623869,2026-08-13T21:55:00,0,MO,sms,158657809134318,404206405377351,6802,19447,30.68765,76.77904,ab1a0a2ac6d10510d5afa905c44eca0ec761751b156414219cb0489dfac9b585,832279ccb407938aa069e20008b4e250,cdr.csv
CDR01007,+917064090974,+916980841241,2026-08-13T14:35:00,0,MO,sms,158657809134318,404206405377351,8601,83889,30.73119,76.74387,a56b19027412edeb8ed3db54007bdeee00b2bc6080374ea50f59ac579454dc59,832279ccb407938aa069e20008b4e250,cdr.csv
CDR01008,+917064090974,+917374740748,2026-08-13T15:11:00,0,MO,sms,158657809134318,404206405377351,6802,19447,30.68765,76.77904,350d4adff03edfb686a53dac057fa05a11c6d52531d05c9ef04eb589dfae2200,832279ccb407938aa069e20008b4e250,cdr.csv
CDR01009,+917374740748,+916936183242,2026-08-14T18:58:00,0,MO,sms,158657809134318,404457098593174,9691,38197,30.68514,76.74444,e7dbe5b70bc098fab144ea3cc0dbb9b6e901ee16573b6194c87027ae4c265a82,832279ccb407938aa069e20008b4e250,cdr.csv
CDR01010,+917374740748,+917053315869,2026-08-14T16:21:00,0,MO,sms,158657809134318,404457098593174,8682,67961,30.71577,76.78556,c32047df7794eff27026f6f14b86ec36a38469c41fa8a41fa169a1368e21306b,832279ccb407938aa069e20008b4e250,cdr.csv
CDR01011,+917374740748,+916980841241,2026-08-14T21:35:00,0,MO,sms,158657809134318,404457098593174,8682,67961,30.71577,76.78556,f15dde70c5154d81fc3532f75bc959168d70ff40a21762316aeeed0111854dd9,832279ccb407938aa069e20008b4e250,cdr.csv
CDR01012,+917374740748,+918489638346,2026-08-14T11:26:00,0,MO,sms,158657809134318,404457098593174,8601,83889,30.73119,76.74387,9d8617e71763242a346ce28325a31e34ecef3294326253b00e8759950ea0b5ab,832279ccb407938aa069e20008b4e250,cdr.csv
CDR01013,+917175946474,+918159212499,2026-08-14T11:35:00,0,MO,sms,158657809134318,404861200471138,2391,16895,30.65867,76.78053,b5c1e851e8c82dff6b953c0a99214787230cb37bd101d4a0549dc8ce0d8ace23,832279ccb407938aa069e20008b4e250,cdr.csv
CDR01014,+917175946474,+917734670656,2026-08-14T13:44:00,0,MO,sms,158657809134318,404861200471138,2391,16895,30.65867,76.78053,fa8ff2b9b8bdac9dc354f1b4b8cf0cdedec4543b91511fd204457c6ff4dad625,832279ccb407938aa069e20008b4e250,cdr.csv
CDR01015,+917175946474,+917374740748,2026-08-14T11:58:00,0,MO,sms,158657809134318,404861200471138,3578,58503,30.6774,76.72893,91e230b10fc726ec1ef8aba7e3c8e01e4dcb346d5f4c9d61b2d0e5970773451b,832279ccb407938aa069e20008b4e250,cdr.csv
CDR01016,+917175946474,+919044997278,2026-08-14T11:56:00,0,MO,sms,158657809134318,404861200471138,9691,38197,30.68514,76.74444,10895806052b52959a58063511224fe4f2c4e25788ae8a43e2f186fc9c19081a,832279ccb407938aa069e20008b4e250,cdr.csv
CDR01017,+917175946474,+917341316475,2026-08-14T11:49:00,0,MO,sms,158657809134318,404861200471138,8682,67961,30.71577,76.78556,9dbe3dde95f89d05228ec15bd9bf8650a91f88cc5c665849152b5ad2192f70bf,832279ccb407938aa069e20008b4e250,cdr.csv
CDR01018,+917064090974,+917053315869,2026-08-14T18:36:00,0,MO,sms,158657809134318,404206405377351,8682,67961,30.71577,76.78556,512ac5f94aaa7813a451066e99a9c52cea11a3fb2e00a68d8a06719fe8293621,832279ccb407938aa069e20008b4e250,cdr.csv
CDR01019,+917064090974,+917049451983,2026-08-14T16:42:00,0,MO,sms,158657809134318,404206405377351,8682,67961,30.71577,76.78556,3e2f00e2c084bfa24955b84e1a9e61a5a96f48ecdb75f41c08d8d9fb741202ae,832279ccb407938aa069e20008b4e250,cdr.csv
CDR01020,+917064090974,+917859770348,2026-08-14T10:56:00,0,MO,sms,158657809134318,404206405377351,6053,15952,30.66646,76.80813,7cc4f4629a04b386caffd944cf274bce73794b0434e736de7ad4ed5d6de36918,832279ccb407938aa069e20008b4e250,cdr.csv
CDR01021,+917064090974,+916611724005,2026-08-14T18:19:00,0,MO,sms,158657809134318,404206405377351,8682,67961,30.71577,76.78556,a7f2f5bfac6b814ade8873851e6311ac2e08ed80441f7d1843c463878e637464,832279ccb407938aa069e20008b4e250,cdr.csv
CDR01022,+917064090974,+916569816934,2026-08-14T21:42:00,0,MO,sms,158657809134318,404206405377351,8682,67961,30.71577,76.78556,27dd5dbead8f20d76715d97cd807de4abbd947da5bf6d3f88a773c12c1efba34,832279ccb407938aa069e20008b4e250,cdr.csv
CDR01023,+916611724005,+917957015430,2026-08-14T20:50:00,0,MO,sms,158657809134318,404452858842474,9691,38197,30.68514,76.74444,42b7775543a7ddb8229ffb8b289f0b9aba9be6a0f4a5ada4062b8fc167275035,832279ccb407938aa069e20008b4e250,cdr.csv
CDR01024,+916611724005,+917455623869,2026-08-14T09:39:00,0,MO,sms,158657809134318,404452858842474,8682,67961,30.71577,76.78556,e2984db7353f460bda4cb148e10969042b14d572d71de203bc76ce3367162451,832279ccb407938aa069e20008b4e250,cdr.csv
CDR01025,+916611724005,+918953394210,2026-08-14T13:12:00,0,MO,sms,158657809134318,404452858842474,8601,83889,30.73119,76.74387,05998800c6501548e058c7ac5c607081772940091060ddb1994699c511baf929,832279ccb407938aa069e20008b4e250,cdr.csv
CDR01026,+916611724005,+916936183242,2026-08-14T09:31:00,0,MO,sms,158657809134318,404452858842474,8682,67961,30.71577,76.78556,968f225ac946cff16c229f521e630af59b2e47c98d94eb829dac17e6486711e9,832279ccb407938aa069e20008b4e250,cdr.csv
CDR01027,+917455623869,+917787133150,2026-08-15T09:51:00,0,MO,sms,158657809134318,404491712368516,8682,67961,30.71577,76.78556,be6539be49b243d8c3930bed305cfb510b1345570f591017420853396d70fb7c,832279ccb407938aa069e20008b4e250,cdr.csv
CDR01028,+917455623869,+917053315869,2026-08-15T12:04:00,0,MO,sms,158657809134318,404491712368516,8682,67961,30.71577,76.78556,3dfeda82eb07e1afbcda9a7c4f653553173e29304615f96986042d09ecab88a2,832279ccb407938aa069e20008b4e250,cdr.csv
CDR01029,+918953394210,+916489325288,2026-08-15T21:05:00,0,MO,sms,158657809134318,404498506431713,3324,92991,30.75662,76.70101,24eb3ad0aba65e396a92fd403b227bd81c0986f2164f1b51e249f9774b98970f,832279ccb407938aa069e20008b4e250,cdr.csv
CDR01030,+918953394210,+918024994717,2026-08-15T20:51:00,0,MO,sms,158657809134318,404498506431713,8601,83889,30.73119,76.74387,b17bfc868a38f2765abf25466d9101b355790b6e4f52ce5058447012c07a76b8,832279ccb407938aa069e20008b4e250,cdr.csv
CDR01031,+918953394210,+917175946474,2026-08-15T10:09:00,0,MO,sms,158657809134318,404498506431713,8682,67961,30.71577,76.78556,82d926b5cc184c4053a793a0364a94bc077fe4c8cf7622bd377b198cd7a81417,832279ccb407938aa069e20008b4e250,cdr.csv
CDR01032,+918671369594,+916462704828,2026-08-15T18:07:00,0,MO,sms,158657809134318,404456758692617,8682,67961,30.71577,76.78556,2157039fae816880579be89a67186902160270daaac69c1e2b8bd1374d55eb24,832279ccb407938aa069e20008b4e250,cdr.csv
CDR01033,+918671369594,+917957015430,2026-08-15T20:59:00,0,MO,sms,158657809134318,404456758692617,2391,16895,30.65867,76.78053,7e95cf9f67b174c9da28c6d91c2479481af7253bd53d796bb444336309cf0c4a,832279ccb407938aa069e20008b4e250,cdr.csv
CDR01034,+916611724005,+918277434873,2026-08-15T09:27:00,0,MO,sms,158657809134318,404452858842474,2391,16895,30.65867,76.78053,6a18066e8fd806388f696f360a9e99f69e455373a23ad2b2b9eb721fd3feef21,832279ccb407938aa069e20008b4e250,cdr.csv
CDR01035,+916611724005,+916936183242,2026-08-15T10:24:00,0,MO,sms,158657809134318,404452858842474,8682,67961,30.71577,76.78556,0e19d538310ec3ac2d8d4bbc1e9bbfc2b545b6d86c03f12d15f51c722a8cc36b,832279ccb407938aa069e20008b4e250,cdr.csv
CDR01036,+917221969379,+917064090974,2026-08-15T12:45:00,0,MO,sms,158657809134318,404104817549651,8682,67961,30.71577,76.78556,f712cfe2d679f489d05aa196eb2dc5dabd30f3035240d323a4d78c23c0a84ce0,832279ccb407938aa069e20008b4e250,cdr.csv
CDR01037,+917221969379,+916462704828,2026-08-15T16:18:00,0,MO,sms,158657809134318,404104817549651,8601,83889,30.73119,76.74387,dcc183182b683c06c46a8c61d2ea37e8b328d606821699e8e11b553fb5d7e5ee,832279ccb407938aa069e20008b4e250,cdr.csv
CDR01038,+917221969379,+917053315869,2026-08-15T09:05:00,0,MO,sms,158657809134318,404104817549651,8682,67961,30.71577,76.78556,3c60c645ad2fc018b0ed3afee1406c651253024a65320da6601ed1e4ca1c49c3,832279ccb407938aa069e20008b4e250,cdr.csv
CDR01039,+917221969379,+917529042284,2026-08-15T11:56:00,0,MO,sms,158657809134318,404104817549651,8682,67961,30.71577,76.78556,0d23f1a83b514f0965776b2d1d1c5d53f3379bb2332273b7edd3c5a057323c44,832279ccb407938aa069e20008b4e250,cdr.csv
CDR01040,+917221969379,+916489325288,2026-08-15T20:07:00,0,MO,sms,158657809134318,404104817549651,8682,67961,30.71577,76.78556,8b943bd16fab8717a4af7bae885cc3b2cc029a58f32323be703c24d3797934d9,832279ccb407938aa069e20008b4e250,cdr.csv
CDR01041,+918671369594,+917957015430,2026-08-16T20:43:00,0,MO,sms,158657809134318,404456758692617,8682,67961,30.71577,76.78556,c20d282ec6dfd24c0a3a660127947866ef1941d1b0363eaa5d75a6741095d1b8,832279ccb407938aa069e20008b4e250,cdr.csv
CDR01042,+918671369594,+916489325288,2026-08-16T20:43:00,0,MO,sms,158657809134318,404456758692617,2391,16895,30.65867,76.78053,0a7bdcb47ebec6897ba0d8fe1b657828386423538222c2e248365dab8c331ce0,832279ccb407938aa069e20008b4e250,cdr.csv
CDR01043,+916611724005,+918671369594,2026-08-16T16:22:00,0,MO,sms,158657809134318,404452858842474,8682,67961,30.71577,76.78556,a0bcea08f72d0e77a68ded4cbe6e0120245538369fc17cdb2a8e4675537470a8,832279ccb407938aa069e20008b4e250,cdr.csv
CDR01044,+916611724005,+916936183242,2026-08-16T21:31:00,0,MO,sms,158657809134318,404452858842474,2391,16895,30.65867,76.78053,04c775086c55bd4d7d92776f2dd62ab7c67427e67183639210bd617d33a578b2,832279ccb407938aa069e20008b4e250,cdr.csv
CDR01045,+916611724005,+916980841241,2026-08-16T12:14:00,0,MO,sms,158657809134318,404452858842474,4176,55793,30.68213,76.80499,156d73d9c84b26b87d723ee9be677a9628e00dcd69de369b89c3bd6b0d9a03e7,832279ccb407938aa069e20008b4e250,cdr.csv
CDR01046,+916611724005,+917175946474,2026-08-16T15:29:00,0,MO,sms,158657809134318,404452858842474,9691,38197,30.68514,76.74444,d02d3a3be03b9cd47bb11d7c587f8b18a90d4209be8ec3e718ae8455b5a134ab,832279ccb407938aa069e20008b4e250,cdr.csv
CDR01047,+917175946474,+916081219136,2026-08-16T16:28:00,0,MO,sms,158657809134318,404861200471138,9691,38197,30.68514,76.74444,d3169979e665d4da97d692ffe855f743cd09f3da26a168a2aa5fbb9a312cf291,832279ccb407938aa069e20008b4e250,cdr.csv
CDR01048,+917175946474,+917787133150,2026-08-16T15:01:00,0,MO,sms,158657809134318,404861200471138,9691,38197,30.68514,76.74444,9078b0bb0f65f51ac87a2118521ae1f6088dbeb8bd28b1278f5c4288b10e166d,832279ccb407938aa069e20008b4e250,cdr.csv
CDR01049,+917175946474,+916611724005,2026-08-16T19:09:00,0,MO,sms,158657809134318,404861200471138,9691,38197,30.68514,76.74444,0403c4468b4b5d492650cee1f0cbef5adc29ad311c4dab896f1ed35c03d100a2,832279ccb407938aa069e20008b4e250,cdr.csv
CDR01050,+917175946474,+917053315869,2026-08-16T21:52:00,0,MO,sms,158657809134318,404861200471138,8682,67961,30.71577,76.78556,3ebddaa7e5cd699328baa3136b0894090ab99025c649458d61865f16e6050942,832279ccb407938aa069e20008b4e250,cdr.csv
CDR01051,+917175946474,+917341316475,2026-08-16T12:06:00,0,MO,sms,158657809134318,404861200471138,8682,67961,30.71577,76.78556,6b95445c3f5ad2c713234bdaca22a538b5482478f1d8ef5ecf32edd9cd233bfd,832279ccb407938aa069e20008b4e250,cdr.csv
CDR01052,+917374740748,+917341316475,2026-08-16T14:12:00,0,MO,sms,158657809134318,404457098593174,8682,67961,30.71577,76.78556,1f0edeffe517e6622ea0a29bc0a1b456b084b73b730b2006c2b2a84ed6d48bee,832279ccb407938aa069e20008b4e250,cdr.csv
CDR01053,+917374740748,+918159212499,2026-08-16T13:53:00,0,MO,sms,158657809134318,404457098593174,8682,67961,30.71577,76.78556,a8e44852cbcbe9d30f763bcdcd3d13ff0bb67d80f50ced32199105184725a939,832279ccb407938aa069e20008b4e250,cdr.csv
CDR01054,+917374740748,+917064090974,2026-08-16T16:38:00,0,MO,sms,158657809134318,404457098593174,8682,67961,30.71577,76.78556,380b4579f86a1575aa7d99c50be280b6666896a363d5c4a50c5db5a9aec679aa,832279ccb407938aa069e20008b4e250,cdr.csv
CDR01055,+917374740748,+916462704828,2026-08-16T16:42:00,0,MO,sms,158657809134318,404457098593174,8682,67961,30.71577,76.78556,a46d7e54219d580962915a41b07b21ecba3a157d1db3806baf986f0292a69306,832279ccb407938aa069e20008b4e250,cdr.csv
CDR01056,+918953394210,+918671369594,2026-08-16T14:45:00,0,MO,sms,158657809134318,404498506431713,8682,67961,30.71577,76.78556,49ad094a541f02059aebb0bfc9a949298d5f5fcc1ffad4ba89ff1c19cc6ee854,832279ccb407938aa069e20008b4e250,cdr.csv
CDR01057,+918953394210,+917064090974,2026-08-16T12:33:00,0,MO,sms,158657809134318,404498506431713,9691,38197,30.68514,76.74444,d915b5f3a60467b99455bf4c8ee165f28add1b48c8413b29c399c7f42cb9ed4f,832279ccb407938aa069e20008b4e250,cdr.csv
CDR01058,+917709521456,+916980841241,2026-08-16T09:19:00,0,MO,sms,158657809134318,404200053293183,8682,67961,30.71577,76.78556,1932c9d029031ccbc305742d2fa0c81227bf128177425989d632a9ca4258b0e6,832279ccb407938aa069e20008b4e250,cdr.csv
CDR01059,+917709521456,+917221969379,2026-08-16T19:39:00,0,MO,sms,158657809134318,404200053293183,8601,83889,30.73119,76.74387,c71737bd121a0d18a8c3cb2536f2d23a5a20b310b84a593692475992011a3f52,832279ccb407938aa069e20008b4e250,cdr.csv
CDR01060,+917709521456,+918701436349,2026-08-16T11:33:00,0,MO,sms,158657809134318,404200053293183,8682,67961,30.71577,76.78556,f1ef93cf46c9a3ddc181031e955bd0d2420a2d1b1c458dbb90bb41311ff23bed,832279ccb407938aa069e20008b4e250,cdr.csv
CDR01061,+917709521456,+917787133150,2026-08-16T21:44:00,0,MO,sms,158657809134318,404200053293183,9691,38197,30.68514,76.74444,88bbdfd7a8d6083a66450ecb83d9e20762b17e8faa539365c89fa9d5934bd498,832279ccb407938aa069e20008b4e250,cdr.csv
CDR01062,+917709521456,+917374740748,2026-08-16T10:01:00,0,MO,sms,158657809134318,404200053293183,8682,67961,30.71577,76.78556,96fcb856df2bdff17ebab6978694b1ff632bfd6afb79d5233470d6cd3c12c93d,832279ccb407938aa069e20008b4e250,cdr.csv
CDR01063,+917709521456,+917064090974,2026-08-17T10:33:00,0,MO,sms,158657809134318,404200053293183,2391,16895,30.65867,76.78053,f9ef64d53a44e8e31fde2296d1b5f90b0b0bc3e8e497d35d415b8abe0b7c8ee6,832279ccb407938aa069e20008b4e250,cdr.csv
CDR01064,+917709521456,+917374740748,2026-08-17T13:04:00,0,MO,sms,158657809134318,404200053293183,8682,67961,30.71577,76.78556,fee436743a762dd5f80d6a0060ff43c251e18023acd4ababb4f22c0d72071678,832279ccb407938aa069e20008b4e250,cdr.csv
CDR01065,+917709521456,+917241904966,2026-08-17T21:49:00,0,MO,sms,158657809134318,404200053293183,8682,67961,30.71577,76.78556,8dc4a41557e421f372f47006bfc371a90d451801f8d4510ba3c3addfa401cd23,832279ccb407938aa069e20008b4e250,cdr.csv
CDR01066,+917709521456,+918671369594,2026-08-17T21:03:00,0,MO,sms,158657809134318,404200053293183,2391,16895,30.65867,76.78053,cff21567f55055da69856a56267e114e32d639cc3f0646ca0f52a35e3e5d13c8,832279ccb407938aa069e20008b4e250,cdr.csv
CDR01067,+917455623869,+918671369594,2026-08-17T14:22:00,0,MO,sms,158657809134318,404491712368516,8682,67961,30.71577,76.78556,a45647550c4d30680c8391e4e37da60a174c89ec86951b531fec652e414340d6,832279ccb407938aa069e20008b4e250,cdr.csv
CDR01068,+917455623869,+916936183242,2026-08-17T14:31:00,0,MO,sms,158657809134318,404491712368516,8601,83889,30.73119,76.74387,6d6ce38443bda93b73230cf0fcca4ac84546afa62e55cb8203c0390decc42695,832279ccb407938aa069e20008b4e250,cdr.csv
CDR01069,+917374740748,+916569816934,2026-08-17T21:41:00,0,MO,sms,158657809134318,404457098593174,8601,83889,30.73119,76.74387,b3b5298fafbf0ab753b6b140d66dafeab327108e16c6634c7c4b81acfc8da52c,832279ccb407938aa069e20008b4e250,cdr.csv
CDR01070,+917374740748,+918701436349,2026-08-17T18:07:00,0,MO,sms,158657809134318,404457098593174,2391,16895,30.65867,76.78053,131b0288af0dafc29676e97e92a376a264fccf58d2d27a7de9d6adfcfe2ef4ef,832279ccb407938aa069e20008b4e250,cdr.csv
CDR01071,+917374740748,+918953394210,2026-08-17T12:33:00,0,MO,sms,158657809134318,404457098593174,9691,38197,30.68514,76.74444,067cf3ef53000d831e19ddc6b116dfd6cf8a770068af48b923679f79c3bab4df,832279ccb407938aa069e20008b4e250,cdr.csv
CDR01072,+918953394210,+919104332181,2026-08-17T20:52:00,0,MO,sms,158657809134318,404498506431713,8682,67961,30.71577,76.78556,0e53eb7bad5214cfc6a0aca3dc0a957da0216c35d43ad013c1700067c824f2c4,832279ccb407938aa069e20008b4e250,cdr.csv
CDR01073,+918953394210,+917341316475,2026-08-17T11:18:00,0,MO,sms,158657809134318,404498506431713,7333,47243,30.67024,76.79219,125ceacbb4be35264018722a407d0593e811d9627038f0d7be3cdae71f19d792,832279ccb407938aa069e20008b4e250,cdr.csv
CDR01074,+918953394210,+917957015430,2026-08-17T21:26:00,0,MO,sms,158657809134318,404498506431713,8682,67961,30.71577,76.78556,7253303dd21fcd12199e33517a3915f9e65ef59a1d3a9d7f8ecef65b5c11fdbb,832279ccb407938aa069e20008b4e250,cdr.csv
CDR01075,+918953394210,+919044997278,2026-08-17T16:40:00,0,MO,sms,158657809134318,404498506431713,8601,83889,30.73119,76.74387,4616416cce15116a64499f38dd4ce3d49dee12d1aed595b9ba0140ab8ccaa17b,832279ccb407938aa069e20008b4e250,cdr.csv
CDR01076,+918953394210,+916936183242,2026-08-17T16:48:00,0,MO,sms,158657809134318,404498506431713,6321,32527,30.73616,76.76418,abf10773cd49e42b27fec208c8ff318a20da4890c3a1b6e39f66a2abb54337e1,832279ccb407938aa069e20008b4e250,cdr.csv
CDR01077,+917175946474,+917175946474,2026-08-17T13:12:00,0,MO,sms,158657809134318,404861200471138,8601,83889,30.73119,76.74387,51b816d0f60957bc7e9121b239d07fc34ee5b730147817bf42afdce8dbc149f1,832279ccb407938aa069e20008b4e250,cdr.csv
CDR01078,+917175946474,+917341316475,2026-08-17T11:20:00,0,MO,sms,158657809134318,404861200471138,6083,54500,30.66659,76.78349,5ffab5cd78d49db8fefc4c53da21488dc9903d84b68363e981766f03544aedeb,832279ccb407938aa069e20008b4e250,cdr.csv
CDR01079,+917175946474,+917859770348,2026-08-17T17:30:00,0,MO,sms,158657809134318,404861200471138,2391,16895,30.65867,76.78053,c237b427a4f7e3b39db5bc2c295fc1984270060f7f72e76d661ce77886dd90f3,832279ccb407938aa069e20008b4e250,cdr.csv
CDR01080,+917175946474,+917341316475,2026-08-17T15:35:00,0,MO,sms,158657809134318,404861200471138,2391,16895,30.65867,76.78053,e572bbce1710999535946a5084ec0878bae18a0f65b54eede3c652587ba71e1f,832279ccb407938aa069e20008b4e250,cdr.csv
CDR01081,+917175946474,+917053315869,2026-08-17T14:25:00,0,MO,sms,158657809134318,404861200471138,8682,67961,30.71577,76.78556,549d43750cd89f41db51af4168a2b1aa6ab17c25dc953d6b7bb7892d216fa88f,832279ccb407938aa069e20008b4e250,cdr.csv
CDR01082,+916611724005,+918277434873,2026-08-18T09:14:00,0,MO,sms,158657809134318,404452858842474,8682,67961,30.71577,76.78556,0a5cc59f8e8f751d6eaf380f42f507dfe8a8044670b13da55d940e7f75db3ca5,832279ccb407938aa069e20008b4e250,cdr.csv
CDR01083,+916611724005,+916936183242,2026-08-18T17:20:00,0,MO,sms,158657809134318,404452858842474,2391,16895,30.65867,76.78053,bd367baddb0a12d1de32610832ae6050df8ac723de255b9ef26ce91740fe36a8,832279ccb407938aa069e20008b4e250,cdr.csv
CDR01084,+917374740748,+918701436349,2026-08-18T09:32:00,0,MO,sms,158657809134318,404457098593174,2391,16895,30.65867,76.78053,084a53db1f86f471acac53dbe491c934770047389b50901205db2c594ce1824f,832279ccb407938aa069e20008b4e250,cdr.csv
CDR01085,+917374740748,+917455623869,2026-08-18T20:44:00,0,MO,sms,158657809134318,404457098593174,8682,67961,30.71577,76.78556,fcdd61a49b2e52fe07fb60da42620cdc93b22ec04a240f228c919169e04d25de,832279ccb407938aa069e20008b4e250,cdr.csv
CDR01086,+917374740748,+916784801845,2026-08-18T12:37:00,0,MO,sms,158657809134318,404457098593174,8601,83889,30.73119,76.74387,33968ae7cc65c274e6316775df5c3f27f3d939002954cd3a5f1b14da41347ea0,832279ccb407938aa069e20008b4e250,cdr.csv
CDR01087,+917374740748,+919648877190,2026-08-18T16:00:00,0,MO,sms,158657809134318,404457098593174,8601,83889,30.73119,76.74387,d4a15faa5f02f04881cb8b2cee41b3db05f1d11c5d4a1e796d3fe2220287f6e6,832279ccb407938aa069e20008b4e250,cdr.csv
CDR01088,+917374740748,+916980841241,2026-08-18T14:32:00,0,MO,sms,158657809134318,404457098593174,8682,67961,30.71577,76.78556,646be1f794ce2b785f2d6cfcef68c782cf7bcb9e316bdb709663630a445ca27a,832279ccb407938aa069e20008b4e250,cdr.csv
CDR01089,+918953394210,+918701436349,2026-08-18T19:47:00,0,MO,sms,158657809134318,404498506431713,8682,67961,30.71577,76.78556,a6b7ec88e54fc31a641a88a180750e8a69ca26b5e2e1713150874306d00ae2c1,832279ccb407938aa069e20008b4e250,cdr.csv
CDR01090,+918953394210,+916980841241,2026-08-18T17:24:00,0,MO,sms,158657809134318,404498506431713,8601,83889,30.73119,76.74387,bd55d64e9504314a70ecbe9187c42da1f87e6b7b69fbb34029efb1a11dcdad4c,832279ccb407938aa069e20008b4e250,cdr.csv
CDR01091,+917374740748,+917064090974,2026-08-19T14:13:00,0,MO,sms,158657809134318,404457098593174,9691,38197,30.68514,76.74444,2d1c5ac2fce159216daa260ec317da2ccb4129a9371bd20a24d5baf560ced41b,832279ccb407938aa069e20008b4e250,cdr.csv
CDR01092,+917374740748,+917175946474,2026-08-19T20:20:00,0,MO,sms,158657809134318,404457098593174,8601,83889,30.73119,76.74387,0ddbbd1bf7c7325df1df102db737f8d5780f0d22a3a64755135f2816d464d254,832279ccb407938aa069e20008b4e250,cdr.csv
CDR01093,+917374740748,+917064090974,2026-08-19T21:10:00,0,MO,sms,158657809134318,404457098593174,8601,83889,30.73119,76.74387,084530546460de84193b64b864342205d977c6dd609185b3b825d20a3d3c5ac6,832279ccb407938aa069e20008b4e250,cdr.csv
CDR01094,+916611724005,+917734670656,2026-08-19T21:42:00,0,MO,sms,158657809134318,404452858842474,4531,77154,30.65366,76.74159,44e95a875672bf0a165420ccb33e082c7a763b1830c58b0c357280547d9e5b3a,832279ccb407938aa069e20008b4e250,cdr.csv
CDR01095,+916611724005,+917341316475,2026-08-19T09:54:00,0,MO,sms,158657809134318,404452858842474,8682,67961,30.71577,76.78556,801d8c989e5d070ffb6ee143fc2ea7ff6b0140fdb6047a0bf14d49d4669f20bd,832279ccb407938aa069e20008b4e250,cdr.csv
CDR01096,+916611724005,+919104332181,2026-08-19T13:59:00,0,MO,sms,158657809134318,404452858842474,9691,38197,30.68514,76.74444,9cde2eb577dbd5926852a37520f0fc5b06db19e0981e7b5985c21d72379ec10a,832279ccb407938aa069e20008b4e250,cdr.csv
CDR01097,+916611724005,+916980841241,2026-08-19T20:36:00,0,MO,sms,158657809134318,404452858842474,3419,40968,30.65234,76.72072,dfa04ed3d1813dc0238916b18f94cb821eb13d8777150434651df450f8a5506f,832279ccb407938aa069e20008b4e250,cdr.csv
CDR01098,+917221969379,+917221969379,2026-08-19T19:12:00,0,MO,sms,158657809134318,404104817549651,8682,67961,30.71577,76.78556,7d24499f33c25b78b65e6bdef8f2622e2a35d51f782c0f153a322c53a4624b37,832279ccb407938aa069e20008b4e250,cdr.csv
CDR01099,+917221969379,+917455623869,2026-08-19T10:17:00,0,MO,sms,158657809134318,404104817549651,8682,67961,30.71577,76.78556,62cb567779dbc8305a4e190731851f9f5269d41cad1be99aa75f5436d2030331,832279ccb407938aa069e20008b4e250,cdr.csv
CDR01100,+917221969379,+918489638346,2026-08-19T21:02:00,0,MO,sms,158657809134318,404104817549651,8682,67961,30.71577,76.78556,5d9897bb828470ed50417b2ca95f8d7ea84c55446a5acdbb7517af930819c82a,832279ccb407938aa069e20008b4e250,cdr.csv
CDR01101,+918953394210,+918738721489,2026-08-19T21:58:00,0,MO,sms,158657809134318,404498506431713,6482,18639,30.67956,76.75696,052402fcde980eb6939ede9522b3301f566b8283d0edbdc13f2526fe291a6a15,832279ccb407938aa069e20008b4e250,cdr.csv
CDR01102,+918953394210,+917341316475,2026-08-19T20:43:00,0,MO,sms,158657809134318,404498506431713,9691,38197,30.68514,76.74444,24eef69719488dae29279a6b069b49d15230baeb0e857db37d2ab6c97985e49c,832279ccb407938aa069e20008b4e250,cdr.csv
CDR01103,+918953394210,+918489638346,2026-08-19T11:00:00,0,MO,sms,158657809134318,404498506431713,6129,85465,30.69151,76.73853,45c53d5e620bcbc95b45c608c8755153b31244e579125018f7eca3730a731d44,832279ccb407938aa069e20008b4e250,cdr.csv
CDR01104,+918953394210,+918159212499,2026-08-19T16:55:00,0,MO,sms,158657809134318,404498506431713,8682,67961,30.71577,76.78556,5a8dc8e63b0e3edd08fc686d6ec9e6f2c91b0c6e7390823714c5a40a84ac9124,832279ccb407938aa069e20008b4e250,cdr.csv
CDR01105,+918953394210,+918671369594,2026-08-19T20:36:00,0,MO,sms,158657809134318,404498506431713,7421,26901,30.7114,76.80256,e922c1c7e4bd6e7bd2f38e2c3bde550c8cb42f3de091c86bed9b6c0a2b99b083,832279ccb407938aa069e20008b4e250,cdr.csv
CDR01106,+917455623869,+916611724005,2026-08-19T12:04:00,0,MO,sms,158657809134318,404491712368516,8682,67961,30.71577,76.78556,193a2e816eacdde038101407e8e22498a242b09527fcb06e777678cb2b98de65,832279ccb407938aa069e20008b4e250,cdr.csv
CDR01107,+917455623869,+917221969379,2026-08-19T09:31:00,0,MO,sms,158657809134318,404491712368516,9691,38197,30.68514,76.74444,505b9f2ea0bc6ac5d52ae122489836a0469c950fbea34ba74005a70bb9fb406a,832279ccb407938aa069e20008b4e250,cdr.csv
CDR01108,+917455623869,+917049451983,2026-08-19T11:00:00,0,MO,sms,158657809134318,404491712368516,2391,16895,30.65867,76.78053,1bac80c2eb5d257ed033c47e4b516612d31312d6f4c2a4e57ae6b06d978e2ad1,832279ccb407938aa069e20008b4e250,cdr.csv
CDR01109,+917529042284,+917053315869,2026-08-11T11:13:00,48,MO,voice,102053950240266,404201177589178,2234,33218,30.75416,76.76535,d52affb99bc83e288d384b3b8408a8824c648ec022e82009d0e8e63828e11c39,832279ccb407938aa069e20008b4e250,cdr.csv
CDR01110,+917529042284,+916611724005,2026-08-14T16:22:00,32,MT,voice,102053950240266,404201177589178,2234,33218,30.75416,76.76535,ccaf36b050b2bb7584f6e17747b2ccaae417ff020a05e2a7a68b7486fa6f4b02,832279ccb407938aa069e20008b4e250,cdr.csv
CDR01111,+917529042284,+917221969379,2026-08-17T13:19:00,188,MT,voice,102053950240266,404201177589178,6129,85465,30.69151,76.73853,a01863e2f771909599a22eb1f71047f15f2f467c922246043c83c72a8e9a9c98,832279ccb407938aa069e20008b4e250,cdr.csv
CDR01112,+918159212499,+918094777520,2026-08-10T17:02:00,142,MO,voice,698478961183676,404456576615654,9691,38197,30.68514,76.74444,85bfd6fe1e137983fb5e40ae59f6fe7b0167bcd15f65ec20d0dd40c97275397c,832279ccb407938aa069e20008b4e250,cdr.csv
CDR01113,+918159212499,+916936183242,2026-08-10T13:39:00,165,MO,voice,698478961183676,404456576615654,6731,50662,30.75612,76.77382,b8f05be7dc160dded24f971be524f69630ed2a80db7f8a88164d374b92c368f4,832279ccb407938aa069e20008b4e250,cdr.csv
CDR01114,+918159212499,+918094777520,2026-08-13T16:02:00,137,MO,voice,698478961183676,404456576615654,3419,40968,30.65234,76.72072,25868d774c4bc18e7ab8e14c8af3406ef25e98aa4f83d40cd19da3bd5dfbe4d8,832279ccb407938aa069e20008b4e250,cdr.csv
CDR01115,+918159212499,+916936183242,2026-08-13T17:14:00,173,MO,voice,698478961183676,404456576615654,3419,40968,30.65234,76.72072,b531cde817dc1412bdbaca4e9c205d692bce0f3946e1e60a1d9c127a398ed0d6,832279ccb407938aa069e20008b4e250,cdr.csv
CDR01116,+918159212499,+918094777520,2026-08-16T17:42:00,199,MO,voice,698478961183676,404456576615654,3419,40968,30.65234,76.72072,cc2401adc3bf515219d9393a29e1a00cc49ef4d271ce389aab3f6816ad652d05,832279ccb407938aa069e20008b4e250,cdr.csv
CDR01117,+918159212499,+916936183242,2026-08-16T17:04:00,228,MO,voice,698478961183676,404456576615654,9691,38197,30.68514,76.74444,a085a0ae40750361d7267be83f01ab9a21121cd4cc4b0d889c18a144c476db30,832279ccb407938aa069e20008b4e250,cdr.csv
CDR01118,+918159212499,+918094777520,2026-08-19T11:30:00,191,MO,voice,698478961183676,404456576615654,3419,40968,30.65234,76.72072,99bc0c6131f9259821909cb434579d0ac3fe048015cf0d67374b9f40466bcf28,832279ccb407938aa069e20008b4e250,cdr.csv
CDR01119,+918159212499,+916936183242,2026-08-19T12:15:00,220,MO,voice,698478961183676,404456576615654,3419,40968,30.65234,76.72072,62687e7972302d7ae73b82371f7369b5b38cca98324beb7e8c75397fac493d70,832279ccb407938aa069e20008b4e250,cdr.csv
